tumour,subsite,setting,line,subgroup,trial,phase,population,intervention,results,comment,pe,pm,rf,extra,link,src,flags
Bladder Cancer,NMIBC,,,,Sylvester meta-analysis (CIS),Meta-analysis,"CIS; 9 RCTs, 700 patients",BCG vs intravesical chemo,"CR 68 vs 52% (OR 0.53); no evidence of disease 47 vs 26% at median 3.6 y (OR 0.41); progression reduced 26%, NS",,"CR 68 vs 52% (OR 0.53, p=0.0002)",15947584,,,,Bladder Cancer!4,
Bladder Cancer,NMIBC,,,,Sylvester meta-analysis (progression),Meta-analysis,"Superficial bladder cancer (Ta/T1/CIS); 24 RCTs, 4863 patients",BCG vs TURBT alone or other intravesical therapy,"27% reduction in odds of progression (OR 0.73, p=0.001); no difference in OS or bladder cancer death",Benefit confined to patients who received maintenance BCG,"27% reduction in odds of progression (OR 0.73, p=0.001)",12394686,,,,Bladder Cancer!4 (split),
Bladder Cancer,NMIBC,,,,Herr et al,,"High-risk superficial bladder cancer (Ta, T1, CIS); n=86",TURBT + BCG (weekly x6) vs TURBT alone,"10-y PFS 61.9 vs 37%, p=0.0063; 10-y disease-specific survival 75 vs 55%, p=0.03",Controls with superficial recurrence could cross over to BCG (18 did; 15 of them did not progress),"10-y progression-free rate 61.9% (95% CI 47.2-76.7) vs 37% (95% CI 22.9-53.1); median progression-free interval NR vs 46 mo, p=0.0063",7751885,,,,Bladder Cancer!5,
Bladder Cancer,NMIBC,,,,Harland et al,,New pT1G3 NXM0 TCC: unifocal without CIS (group 1) or multifocal and/or CIS (group 2); n=210,Radical RT vs observation (group 1) or vs intravesical therapy (group 2),No benefit from RT: progression-free interval HR 1.07 (0.65-1.74); PFS HR 1.35 (0.92-1.98); OS HR 1.32 (0.86-2.04),Prognosis poor irrespective of treatment,"Progression-free interval HR 1.07 (95% CI 0.65-1.74), p=0.785",17631326,,,,Bladder Cancer!6,
Bladder Cancer,NMIBC,,,,POTOMAC,Phase 3,BCG-naive high-risk NMIBC after TURBT; n=1018,Durva + BCG (I+M) vs Durva + BCG induction only vs BCG (I+M),"DFS HR 0.68 (0.50-0.93), p=0.015 for durva + BCG (I+M) vs BCG (I+M) at median 61 mo; grade 3-4 TRAEs 21 vs 4%; OS NS",,"DFS HR 0.68 (95% CI 0.50-0.93), p=0.015 (durva + BCG I+M vs BCG I+M)",41115436,,,,Bladder Cancer!7,
Bladder Cancer,NMIBC,,,,CREST,Phase 3,"BCG-naive high-risk NMIBC (Ta HG, T1, CIS); n=1055",Sasanlimab SC + BCG induction+maintenance (Arm A) vs sasanlimab + BCG induction (Arm B) vs BCG induction+maintenance (Arm C),"Arm A vs C: EFS HR 0.68 (0.49-0.94), one-sided p=0.0095; 36-mo EFS 82.1 vs 74.8%; benefit consistent across CIS and T1 subgroups",Author correction published (PMID 40691368),"EFS HR 0.68 (95% CI 0.49-0.94), one-sided p=0.0095",40450141,,,,Bladder Cancer!8,
Bladder Cancer,NMIBC,,,,Joudi et al,Phase 2,BCG failure,BCG-IFN,24-mo DFS 45% after BCG failure; 59% if BCG-naive,Higher than comparison with BCG alone in other studies,"24-mo DFS 45% after prior BCG failure (59% if BCG-naive), n=1007",16818189,,,,Bladder Cancer!9,
Bladder Cancer,NMIBC,,,,KEYNOTE-057,Phase 2,BCG unresponsive CIS+/- papillary disease,Pembro,3-mo CR 41% (39/96); 12-mo DFS 19%,Unclear how this might compare to intravesical salvage options,"3-mo complete response 41% (39/96, 95% CI 31-51)",34051177,,,,Bladder Cancer!10,
Bladder Cancer,NMIBC,,,,SWOG 1605,Phase 2,BCG unresponsive CIS,Atezolizumab,6-mo CR in CIS 27% (20/74); 3-mo clinical CR 43% (post hoc); 18-mo EFS 49% in Ta/T1,Did not meet its prespecified efficacy threshold; grade 3-5 TRAEs 16% including 3 treatment-related deaths,6-mo pathological CR in CIS 27% (20/74),37596191,,,,Bladder Cancer!11,
Bladder Cancer,NMIBC,,,,Boorjian,Phase 3,BCG unresponsive disease,Nadofaragene firadenovec,CR 53% (55/103); 45.5% of responders still in CR at 12 mo,,CR at any time in CIS 53% (55/103),33253641,,,,Bladder Cancer!12,
Bladder Cancer,NMIBC,,,,BOND-003 Cohort C,Phase 3,BCG-unresponsive CIS +/- Ta/T1; n=112,Intravesical cretostimogene grenadenorepvec (single arm),CR at any time 75% (83/110) at median 26 mo follow-up; no grade 3-4 treatment-related AEs,"Bladder-sparing option; single arm, so no randomised comparison",CR at any time 75% (83/110),42508433,,,,"new entry, Sep 2026",
Bladder Cancer,MIBC,,,,BC2001,Phase 3,MIBC (T2-T4a N0 M0); n=360,ChemoRT (5-FU/MMC) vs RT alone,"2-y locoregional DFS 67 vs 54%, HR 0.68 (0.48-0.96), p=0.03; 5-y OS 48 vs 35%, HR 0.82 (0.63-1.09), NS; 5-y cystectomy 14 vs 22% (10-y update)","Benefit in locoregional control maintained at median 9.9 y (HR 0.61); DFS, MFS and OS numerically better but NS; no significant excess toxicity. 10-y update: PMID 35577644","2-y locoregional DFS 67% (95% CI 59-74) vs 54% (95% CI 46-62); HR 0.68 (95% CI 0.48-0.96), p=0.03",22512481,,,,Bladder Cancer!16,
Bladder Cancer,MIBC,Neoadjuvant/adjuvant,,,ABC meta-analysis (2003),Meta-analysis,"Invasive bladder cancer; 10 RCTs, 2688 patients",surgery +/- neoadjuvant cisplatin based chemo,"5-y OS 50 vs 45%, HR 0.87 (0.78-0.98), p=0.016; absolute benefit 5% at 5 y",Benefit confined to platinum-based combinations; no benefit with single-agent cisplatin,"OS HR 0.87 (0.78-0.98), p=0.016",12801735,,,,Bladder Cancer!18,
Bladder Cancer,MIBC,Neoadjuvant/adjuvant,,,GETUG/AFU V05 VESPER,Phase 3,≥cT2N0 neoadjuvant or >T2/N+ adjuvant; n=500 (88% neoadjuvant),DdMVAC vs cis-gem perioperative therapy,"Primary endpoint not met: 3-y PFS 64 vs 56%, HR 0.77 (0.57-1.02); neoadjuvant 3-y PFS 66 vs 56%, HR 0.70; neoadjuvant 5-y OS 66 vs 57%, HR 0.71","Organ-confined response (<ypT3N0) 77 vs 63% and path CR 42 vs 36% favour ddMVAC; overall 5-y OS 64 vs 56%, HR 0.79 (NS); 5-y survival update: PMID 38142702","3-y PFS 64 vs 56%, HR 0.77 (95% CI 0.57-1.02), p=0.066",35254888,,,,Bladder Cancer!19,
Bladder Cancer,MIBC,Neoadjuvant/adjuvant,,,ABACUS,Phase 2,Operable MIBC before cystectomy; n=95,Atezolizumab,Path CR 31% (21-41%),,Pathological CR 31% (95% CI 21-41%),31686036,,,,Bladder Cancer!20,
Bladder Cancer,MIBC,Neoadjuvant/adjuvant,,,PURE-01,Phase 2,MIBC cT≤3bN0 before radical cystectomy; n=50,Pembrolizumab,pT0 42%; downstaging to pT<2 54%; pT0 54% if PD-L1 CPS≥10 vs 13% if CPS<10,,pT0 42% (95% CI 28.2-56.8%),30343614,,,,Bladder Cancer!21,
Bladder Cancer,MIBC,Neoadjuvant/adjuvant,,,POUT,Phase 3,"UTUC after nephroureterectomy, pT2-T4 N0-3 M0 or pTany N1-3 M0; n=261",Gem + cisplatin (carboplatin if GFR <50) x4 vs surveillance,"DFS HR 0.45 (0.30-0.68), 3-y 71 vs 46%; at median 65 mo: 5-y DFS 62 vs 45%, HR 0.55 (0.38-0.80); 5-y OS 66 vs 57%, HR 0.68 (0.46-1.00)",Stopped early for efficacy at interim; grade 3+ AEs 44 vs 4%. Final results: PMID 38350047,"DFS HR 0.45 (95% CI 0.30-0.68), p=0.0001",32145825,,,,Bladder Cancer!22,
Bladder Cancer,MIBC,Neoadjuvant/adjuvant,,,Coleman et al,Phase 2,High-risk localised UTUC; n=57 (single arm),"Neoadjuvant split-dose gem-cis x4, then surgery","Pathological response (<ypT2N0) 63%; pCR (ypT0N0) 19%; 2-y PFS 89%, 5-y PFS 72%; 5-y OS 79%","Single arm. Long-term update (median 5.4 y): 7-y DFS 60%, OS 72%; much better in responders (PMID 41006098)","Pathological response (<ypT2N0) 63% (36/57, 95% CI 49-76)",36603175,,,,Bladder Cancer!23,
Bladder Cancer,MIBC,Neoadjuvant/adjuvant,,,CheckMate 274,Phase 3,High-risk MIUC after radical surgery (≥ypT2 or ypN+ after neoadjuvant; ≥pT3 or N+ if no neoadjuvant); n=709,"Nivo vs placebo, up to 1 y","At 5-y minimum follow-up: DFS 22 vs 11 mo, HR 0.74 (0.61-0.90); PD-L1 ≥1% 56 vs 8 mo, HR 0.58 (0.42-0.79); OS 75 vs 50 mo, HR 0.83 (0.67-1.02), NS","Grade 3+ TRAEs 17.9 vs 7.2%; 2 pneumonitis deaths. 5-y and ctDNA update: PMID 41110694 (post hoc: DFS benefit in ctDNA+, HR 0.35; none in ctDNA-, HR 0.99)","Coprimary: DFS ITT 20.8 vs 10.8 mo, HR 0.70 (98.22% CI 0.55-0.90), p<0.001; PD-L1 ≥1% HR 0.55 (98.72% CI 0.35-0.85), p<0.001",34077643,,,,Bladder Cancer!24,
Bladder Cancer,MIBC,Neoadjuvant/adjuvant,,,AMBASSADOR,Phase 3,high risk (≥ypT2 or ypN+ after neoadjuvant; ≥pT3 or N+ if no neoadjuvant) MIBC,Pembro vs placebo,"DFS 30 vs 14 mo, HR 0.73 (0.59-0.90), p=0.003; grade >=3 AEs 51 vs 32%","Coprimary endpoints DFS and OS; DFS met, OS not significant at this analysis","DFS 29.6 vs 14.2 mo, HR 0.73 (0.59-0.90)",39282902,,,,Bladder Cancer!25,
Bladder Cancer,MIBC,Neoadjuvant/adjuvant,,,IMVIGOR 011,Phase 3,"MIBC after cystectomy, ctDNA+ on serial surveillance; n=250 randomised 2:1",Atezo vs placebo,"DFS 10 vs 5 mo, HR 0.64 (0.47-0.87), p=0.005; OS 33 vs 21 mo, HR 0.59 (0.39-0.90), p=0.01","Persistently ctDNA-negative patients (n=357, untreated): DFS 95% at 1 y and 88% at 2 y","DFS 9.9 vs 4.8 mo, HR 0.64 (95% CI 0.47-0.87), p=0.005",41124204,,,,Bladder Cancer!26,
Bladder Cancer,MIBC,Neoadjuvant/adjuvant,,,NIAGARA,Phase 3,"Cisplatin-eligible MIBC, planned radical cystectomy; n=1063","Neoadjuvant gem-cis +/- durva, then cystectomy +/- adjuvant durva x8","24-mo EFS 67.8 vs 59.8%, HR 0.68 (0.56-0.82), p<0.001; 24-mo OS 82.2 vs 75.2%, HR 0.75 (0.59-0.93), p=0.01; grade 3-4 TRAEs 40.6 vs 40.9%",,"EFS HR 0.68 (95% CI 0.56-0.82), p<0.001 (one of two primary endpoints)",39282910,,,,Bladder Cancer!27,
Bladder Cancer,MIBC,Neoadjuvant/adjuvant,,,KEYNOTE-905/EV-303,Phase 3,"MIBC, cisplatin-ineligible or declined cisplatin; n=344",Perioperative EV-pembro + cystectomy vs cystectomy alone,"Median EFS NR vs 16 mo, HR 0.40 (0.28-0.57); median OS NR vs 42 mo, HR 0.50 (0.33-0.74); 2-y EFS 74.7 vs 39.4%; 2-y OS 79.7 vs 63.1%; pCR 57.1 vs 8.6%","Median follow-up 26 mo; grade 3+ AEs 71.3 vs 45.9%; surgery performed in 87.6 vs 89.7%. Medians from reports of the NEJM paper, not in its abstract","EFS HR 0.40 (95% CI 0.28-0.57), p<0.001",41707170,,,,Bladder Cancer!28,
Bladder Cancer,MIBC,Neoadjuvant/adjuvant,,,KEYNOTE-B15/EV-304,Phase 3,Cisplatin-eligible MIBC; n=808,Perioperative EV-pembro + cystectomy vs neoadjuvant gem-cis + cystectomy,"2-y EFS 79.4 vs 66.2%, HR 0.53 (0.41-0.70); 2-y OS 86.9 vs 81.3%, HR 0.65 (0.48-0.89); pCR 55.8 vs 32.5%; grade 3+ AEs 75.7 vs 67.2%",Median 34 mo from randomisation to data cutoff; more grade 3+ AEs than gem-cis,"EFS HR 0.53 (95% CI 0.41-0.70), p<0.001",42485627,,,,Bladder Cancer!29,
Bladder Cancer,MIBC,Advanced,1st line,,van der Maase et al,Phase 3,"Locally advanced or metastatic (stage IV) TCC, no prior systemic chemo; n=405",GC vs MVAC,"Long-term update: OS 14 vs 15 mo, HR 1.09 (0.88-1.34), NS; 5-y OS 13.0 vs 15.3%; ORR 49 vs 46%; neutropenic sepsis 1 vs 12%; toxic deaths 1 vs 3%",Similar efficacy with better tolerability; GC replaced MVAC as standard. Long-term survival update: PMID 16034041,"OS HR 1.04 (95% CI 0.82-1.32), p=0.75",11001674,,,,Bladder Cancer!34,
Bladder Cancer,MIBC,Advanced,1st line,,KEYNOTE-052,Phase 2,"Cisplatin-ineligible advanced urothelial cancer, 1st line; n=370 (single arm)",Pembro,"At minimum 2-y follow-up: ORR 29% (CR 9%); median DOR 30 mo; median OS 11 mo; CPS ≥10: ORR 47%, OS 19 mo","Single arm. Long-term results: PMID 32552471; 5-y update: ORR 28.9%, median DOR 33 mo (PMID 36494006)","ORR 24% (89/370, 95% CI 20-29); CPS ≥10: 38% (95% CI 29-48)",28967485,,,,Bladder Cancer!35,
Bladder Cancer,MIBC,Advanced,1st line,,IMvigor210,Phase 2,"Cisplatin-ineligible advanced urothelial carcinoma, 1st line; n=119 (cohort 1, single arm)",Atezolizumab,"ORR 23% (CR 9%); median DOR NR; median PFS 3 mo; median OS 16 mo, at median 17 mo follow-up",,ORR 23% (95% CI 16-31),27939400,,,,Bladder Cancer!36,
Bladder Cancer,MIBC,Advanced,1st line,,IMvigor130,Phase 3,Untreated locally advanced or metastatic UC; n=1213,Atezo + platinum-gem vs placebo + platinum-gem vs atezo alone,"PFS 8 vs 6 mo, HR 0.82 (0.70-0.96); final OS 16 vs 13 mo, HR 0.85 (0.73-1.00), NS; atezo alone vs chemo OS 15 vs 13 mo, HR 0.98 (0.82-1.16)","PFS benefit did not translate into OS. Final OS: PMIDs 38101433 (combination), 38101431 (monotherapy)","PFS 8.2 vs 6.3 mo, HR 0.82 (95% CI 0.70-0.96), one-sided p=0.007; interim OS HR 0.83 (95% CI 0.69-1.00)",32416780,,,,Bladder Cancer!37,
Bladder Cancer,MIBC,Advanced,1st line,,KEYNOTE-361,Phase 3,"Untreated advanced UC, ECOG 0-2; n=1010",Pembro + platinum-gem vs pembro vs platinum-gem,"Primary endpoint not met: PFS 8 vs 7 mo, HR 0.78 (0.65-0.93), p=0.0033; OS 17 vs 14 mo, HR 0.86 (0.72-1.02); pembro alone OS similar to chemo","Hierarchical design: PFS p=0.0033 missed the 0.0019 boundary, so no further formal testing","PFS HR 0.78 (95% CI 0.65-0.93), p=0.0033 (boundary 0.0019); OS HR 0.86 (95% CI 0.72-1.02), p=0.0407 (boundary 0.0142)",34051178,,,,Bladder Cancer!38,
Bladder Cancer,MIBC,Advanced,1st line,,JAVELIN Bladder 100,Phase 3,Advanced UC without progression after 4-6 cycles of 1st-line platinum-gem; n=700,Maintenance avelumab + BSC vs BSC,"OS 21 vs 14 mo, HR 0.69 (0.56-0.86), p=0.001; PD-L1+ OS HR 0.56 (0.40-0.79); PFS 4 vs 2 mo, HR 0.62 (0.52-0.75); grade 3+ AEs 47.4 vs 25.2%",≥2-y follow-up: OS HR 0.76 (0.63-0.91) (PMID 37071838),"OS 21.4 vs 14.3 mo, HR 0.69 (95% CI 0.56-0.86), p=0.001; PD-L1+ HR 0.56 (95% CI 0.40-0.79), p<0.001",32945632,,,,Bladder Cancer!39,
Bladder Cancer,MIBC,Advanced,1st line,,CheckMate 901,Phase 3,Untreated unresectable or metastatic UC; n=608,"Gem-cis +/- nivo, then nivo maintenance up to 2 y","OS 22 vs 19 mo, HR 0.78 (0.63-0.96), p=0.02; PFS HR 0.72 (0.59-0.88), 12-mo PFS 34.2 vs 21.8%; ORR 57.6 vs 43.1% (CR 21.7 vs 11.8%)",At median 34 mo follow-up; median CR duration 37 vs 13 mo; grade 3+ AEs 61.8 vs 51.7%,"OS HR 0.78 (95% CI 0.63-0.96), p=0.02; PFS HR 0.72 (95% CI 0.59-0.88), p=0.001 (dual primary)",37870949,,,,Bladder Cancer!40,
Bladder Cancer,MIBC,Advanced,1st line,,DANUBE,Phase 3,"Untreated unresectable locally advanced or metastatic UC, ECOG 0-1; n=1032",Durva vs durva + treme vs platinum-gem,"Coprimary endpoints not met: durva vs chemo (high PD-L1) OS 14 vs 12 mo, HR 0.89 (0.71-1.11); durva-treme vs chemo (ITT) OS 15 vs 12 mo, HR 0.85 (0.72-1.02)","Exploratory: durva-treme vs chemo in high PD-L1, OS 18 vs 12 mo, HR 0.74 (0.59-0.93), from secondary reports, not in abstract","High PD-L1 durva vs chemo OS HR 0.89 (95% CI 0.71-1.11), p=0.30; ITT durva-treme vs chemo OS HR 0.85 (95% CI 0.72-1.02), p=0.075",32971005,,,,Bladder Cancer!41,
Bladder Cancer,MIBC,Advanced,1st line,,NORSE,Phase 2,"Cisplatin-ineligible metastatic UC with select FGFR3/2 alterations, 1st line; n=87","Erdafitinib + cetrelimab vs erdafitinib (randomised, noncomparative)",ORR 54.5 vs 44.2% (CR 13.6% vs 1 patient); median OS 21 vs 16 mo; grade 3+ TRAEs 45.5 vs 46.5%,"Noncomparative, no hypothesis testing; final results at median 14 mo follow-up",Confirmed ORR 54.5% (95% CI 38.8-69.6) with cetrelimab vs 44.2% (95% CI 29.1-60.1) erdafitinib alone,41538748,,,,Bladder Cancer!42,
Bladder Cancer,MIBC,Advanced,1st line,,EV-103/KEYNOTE-869 (cohort A),Phase 1b/2,Cisplatin-ineligible untreated locally advanced or metastatic UC; n=45 (single arm),Enfortumab vedotin + pembro,ORR 73.3% (CR 15.6%); median DOR 26 mo; median OS 26 mo; grade 3+ TRAEs 64.4%,Primary endpoint safety. 5-y update: 5-y OS 41.5% (PMID 42155320). Randomised cohort K: EV + pembro ORR 64.5% (PMID 37369081),Safety (primary): grade 3+ TRAEs 64.4%; 1 treatment-related death,36041086,,,,Bladder Cancer!43,
Bladder Cancer,MIBC,Advanced,1st line,,EV-302,Phase 3,Previously untreated locally advanced/metastatic urothelial carcinoma; n=886,EV-pembro vs GC,"OS 32 vs 16 mo, HR 0.47; PFS 13 vs 6 mo, HR 0.45; ORR 68 vs 44%; CR 29 vs 12.5%",,"PFS 12.5 vs 6.3 mo, HR 0.45 (95% CI 0.38-0.54); OS 31.5 vs 16.1 mo, HR 0.47 (95% CI 0.38-0.58)",38446675,,,,Bladder Cancer!44,
Bladder Cancer,MIBC,Advanced,1st line,,RC48-C016,Phase 3,Untreated HER2-expressing (IHC 1+ to 3+) locally advanced or metastatic UC; n=484,Disitamab vedotin + toripalimab vs gem + cisplatin or carboplatin,"PFS 13 vs 7 mo, HR 0.36 (0.28-0.46); interim OS 32 vs 17 mo, HR 0.54 (0.41-0.73); ORR 76.1 vs 50.2%; grade 3+ TRAEs 55.1 vs 86.9%",At median 18 mo follow-up,"PFS 13.1 vs 6.5 mo, HR 0.36 (95% CI 0.28-0.46), p<0.001; OS 31.5 vs 16.9 mo, HR 0.54 (95% CI 0.41-0.73), p<0.001 (dual primary)",41124210,,,,Bladder Cancer!45,
Bladder Cancer,MIBC,Advanced,Later line,,KEYNOTE-045,Phase 3,Advanced UC recurring or progressing after platinum; n=542,"Pembro vs paclitaxel, docetaxel or vinflunine","OS 10 vs 7 mo, HR 0.73 (0.59-0.91), p=0.002; PFS NS, HR 0.98; ORR 21.1 vs 11.4%; 48-mo OS 16.7 vs 10.1%; median DOR 30 vs 4 mo (5-y update)",Grade 3-5 TRAEs 15.0 vs 49.4%; 12-mo OS 43.9 vs 30.7%; responses lasting ≥12 mo 68 vs 35%. 5-y update (48-mo PFS 9.5 vs 2.7%): PMID 36494006,"Coprimary: OS HR 0.73 (95% CI 0.59-0.91), p=0.002; CPS ≥10 OS HR 0.57 (95% CI 0.37-0.88); PFS HR 0.98 (95% CI 0.81-1.19), NS",28212060,,,,Bladder Cancer!49,
Bladder Cancer,MIBC,Advanced,Later line,,IMvigor211,Phase 3,Metastatic UC progressing after platinum; n=931,"Atezolizumab vs vinflunine, paclitaxel or docetaxel","Primary endpoint not met: OS in PD-L1 IC2/3 HR 0.87 (0.63-1.21), p=0.41; ORR 23 vs 22%; median DOR 16 vs 8 mo; grade 3-4 TRAEs 20 vs 43%","Hierarchical testing stopped at IC2/3, so the ITT analysis was exploratory only","IC2/3 OS 11.1 vs 10.6 mo, HR 0.87 (95% CI 0.63-1.21), p=0.41",29268948,,,,Bladder Cancer!50,
Bladder Cancer,MIBC,Advanced,Later line,,CheckMate 032,Phase 1/2,Platinum-pretreated metastatic UC; n=274 across 3 cohorts,Nivo 3 mg/kg vs nivo 3 + ipi 1 vs nivo 1 + ipi 3 (cohorts),ORR 38.0% nivo1/ipi3 vs 26.9% nivo3/ipi1 vs 25.6% nivo3; median OS 15 vs 7 vs 10 mo; grade 3-4 TRAEs 39.1 vs 30.8 vs 26.9%,Cohorts not formally compared; nivo1/ipi3 cohort had shorter follow-up (minimum 8 mo vs 38-39 mo). Median DOR >22 mo in all arms. OS from Fig 4 of the full text,"ORR 38.0% (nivo1/ipi3), 26.9% (nivo3/ipi1), 25.6% (nivo3)",31100038,,,,Bladder Cancer!51,
Bladder Cancer,MIBC,Advanced,Later line,,BLC2001,Phase 2,"Locally advanced or metastatic UC with prespecified FGFR3 mutations or FGFR2/3 fusions, progressed after chemo; n=99 (selected regimen)",Erdafitinib 8 mg daily (uptitration to 9 mg),ORR 40% (CR 3%); ORR 59% after prior immunotherapy; median PFS 6 mo; median OS 14 mo; grade 3+ TRAEs 46%,Single arm; phase 3 THOR later showed OS benefit vs chemo. Long-term follow-up (median 24 mo): ORR 40% (PMID 35030333),"Confirmed ORR 40% (CR 3%, PR 37%)",31340094,,,,Bladder Cancer!52,
Bladder Cancer,MIBC,Advanced,Later line,,THOR,Phase 3,"Metastatic UC with susceptible FGFR3/2 alterations, progressed after 1-2 lines including anti-PD-(L)1; n=266",Erdafitinib vs docetaxel or vinflunine,"OS 12 vs 8 mo, HR 0.64 (0.47-0.88), p=0.005; PFS 6 vs 3 mo, HR 0.58 (0.44-0.78); ORR 45.6 vs 11.5%; grade 3-4 TRAEs 45.9 vs 46.4%",Treatment-related deaths 0.7 vs 5.4%. ORR not in abstract; from plain-language summary of the NEJM paper (PMC12218492),"OS 12.1 vs 7.8 mo, HR 0.64 (95% CI 0.47-0.88), p=0.005",37870920,,,,Bladder Cancer!53,
Bladder Cancer,MIBC,Advanced,Later line,,EV-201,Phase 2,Post platinum and PD-1/PD-L1 inhibitor (cohort 1); n=125 (single arm),Enfortumab vedotin,"Cohort 1: ORR 44% (CR 12%); median DOR 8 mo; PFS 6 mo; OS 12 mo; cohort 2 (cisplatin-ineligible, platinum-naive, post PD-1/L1): ORR 52% (CR 20%)","Single arm. Cohort 2: grade 3+ TRAEs 55%, 4 treatment-related deaths (PMID 33991512)",Confirmed ORR 44% (95% CI 35.1-53.2) by central review,31356140,,,,Bladder Cancer!54,
Bladder Cancer,MIBC,Advanced,Later line,,EV-301,Phase 3,Advanced UC after platinum and progression on PD-1/PD-L1 inhibitor; n=608,"Enfortumab vedotin vs docetaxel, paclitaxel or vinflunine","OS 13 vs 9 mo, HR 0.70 (0.56-0.89); PFS 6 vs 4 mo, HR 0.62 (0.51-0.75); ORR 40.6 vs 17.9%; grade 3+ TRAEs 51.4 vs 49.8%",Stopped early at interim for OS benefit. 24-mo update: OS HR 0.70 (0.58-0.85) (PMID 37678672),"OS 12.88 vs 8.97 mo, HR 0.70 (95% CI 0.56-0.89), one-sided p=0.00142",33577729,,,,Bladder Cancer!55,
Bladder Cancer,MIBC,Advanced,Later line,,TROPiCS-04,Phase 3,Advanced UC progressing after platinum and checkpoint inhibitor; n=711,"Sacituzumab govitecan vs paclitaxel, docetaxel or vinflunine","Primary endpoint not met: OS 10 vs 9 mo, HR 0.86 (0.73-1.02), p=0.087; PFS HR 0.86 (0.72-1.03); ORR 23 vs 14%; grade 5 AEs 7 vs 2%",Early fatal neutropenic infections with SG; FDA approval for UC withdrawn (PMID 40377724),"OS 10.3 vs 9.0 mo, HR 0.86 (95% CI 0.73-1.02), p=0.087",39934055,,,,Bladder Cancer!56,
Breast Cancer,,Chemoprevention,,,De censi et al,,High risk with intraepithelial neoplasia,Tamoxifen 5 mg x 3 years vs placebo,DFS HR 0.58,5 mg reasonable alternative to 20 mg. Could give 10 mg on alternating days,,,,,,Breast Cancer!4,
Breast Cancer,ER+,Adjuvant,,,EBCTG meta-analysis,,Post-menopausal women,AI vs tam,"10 year mortality RR 0.85; during year 1 RR 0.64, years 2-4 RR 0.8",,,,,"Risk prediction of distant recurrence: >3 nodes - 3%/year; 1-3 nodes - 2%/year; ≥T2, no nodes - 1%/year; T1N0 - 0.5-1%/year",,Breast Cancer!6,
Breast Cancer,ER+,Adjuvant,,,EBCTG meta-analysis,,Post-menopausal women,AI vs switch,10 year mortality NS but trend (RR 0.89); year 1 RR 0.74; year 2-4 NS,,,,,,,Breast Cancer!7,
Breast Cancer,ER+,Adjuvant,,,EBCTG meta-analysis,,Pre and post menopausal,Tam vs observation,15 year mortality RR 0.7; 15 year breast cancer recurrence 0.61,,,,,,,Breast Cancer!8,
Breast Cancer,ER+,Adjuvant,,,GIM4,Phase 3,Post 2-3 years tamoxifen; postmenopausal phase 3,Letrozole 2-3 years vs 5 years,"12 year DFS 67 vs 62%, HR 0.78;",,,,,,,Breast Cancer!9,
Breast Cancer,ER+,Adjuvant,,,ATLAS,,Post 5 years tam,Tam vs placebo,"Recurrence 18 vs 20.8%, RR 0.85; mortality 9.7 vs 11.5%; PE 0.9 vs 0.5% and endometrial ca 3.1 vs 1.6%",,,,,,,Breast Cancer!10,
Breast Cancer,ER+,Adjuvant,,,aTTom,,Post 5 years tam,Tam vs placebo,Mortality and recurrence decreased,,,,,,,Breast Cancer!11,
Breast Cancer,ER+,Adjuvant,,,MA 17,,Post 5 years tam,Letrozole vs placebo,DFS HR 0.52; OS HR 0.61,,,,,,,Breast Cancer!12,
Breast Cancer,ER+,Adjuvant,,,MA 17R,,Post 5 years AI,Letrozole vs placebo,5 year DFS 95% vs 91%; (half of events prevented were contralateral breast cancers); no OS benefit; higher fracture risk 14% vs 9%,"NSABP-B42, DATA and IDEAL trial didn’t confirm the recurrence benefit of MA17R; no trial has yet demonstrated OS benefit with extended AI after adjuvant AI",,,,,,Breast Cancer!13,
Breast Cancer,ER+,Adjuvant,,,ABCSG-16,,Post 5 years AI,Letrozole 2 years vs 5 years,"Similar DFS, fewer fractures (4 vs 6%)",,,,,,,Breast Cancer!14,
Breast Cancer,ER+,Adjuvant,,,DATA,Phase 3,Phase 3 post 2-3 years tam,Anastrozole 3 vs 6 years after 2-3 yeas tamoxifen,"DFS NS, OS NS; some subgroups benefited (eg node positive)",overall could not recommend extending AI beyond 5 years sequential therapy,,,,,,Breast Cancer!15,
Breast Cancer,ER+,Adjuvant,,,monarchE,,"HR+,HER2-, high risk (≥4 nodes or 1-3 nodes plus one of size>5 cm, grade 3, Ki-67≥20%) early breast cancer",Endocrine therapy +/- abemaciclib x 2 years,"7 year iDFS 77 vs 71%, HR 0.66; 2 year distant RFS 94 vs 90%, HR 0.72; OS immature; increased serious AEs with abeam and 2 vs 0 grade 5 AEs","In subgroup analysis, premenopausal benefit was significant but didn’t reach significance in post-menopausal subgroup; Ki67 not predictive of benefit",,,,,,Breast Cancer!16,
Breast Cancer,ER+,Adjuvant,,,PALLAS,,Stage 2/3 HR+/HER2-,Endocrine therapy +/- palbociclib x 2 years,3 year iDFS similar (89%); 42% stopped palbo prematurely due to AEs - protocol mandated for neutropenia,(?high discontinuation rate mandated for neutropenia potentially affecting results),,,,,,Breast Cancer!17,
Breast Cancer,ER+,Adjuvant,,,PENELOPE-B,,residual disease after neoadjuvant chemo; HR+/HER2-,ET+/-palbo x 1 year,4 year IDFS NS (72%);,,,,,,,Breast Cancer!18,
Breast Cancer,ER+,Adjuvant,,,NATALEE,,Pre and post menopausal II-III,ET+/- ribociclib x 3 years,"3 year iDFS 90 vs 87%, HR 0.75; 5 year iDFS 86 vs 82%, HR 0.716;",,,,,,,Breast Cancer!19,
Breast Cancer,ER+,Adjuvant,,,SOFT,,Premen,Tam vs Tam+OFS vs Exe+OFS,"Prior chemo: 12-y DFS tam vs tam+OFS 72 vs 76%, HR 0.82 for OFS arms; exe+OFS 79%; 12-y OS tam vs tam+OFS 87 vs 89%, HR 0.78",Exe+OFS showed survival benefit with longer follow-up; women <35 had most benefit from OFS; higher benefit in those with previous chemo,,,,,,Breast Cancer!20,
Breast Cancer,ER+,Adjuvant,,,TEXT,,Premen,Tam+OFS vs Exe+OFS,"Combined SOFT-TEXT at median 13 y: Exe+OFS vs Tam+OFS 12-y DFS +4.6% absolute (HR 0.79, 0.70-0.90, p<0.001), DRFI +1.8% (HR 0.83); OS not improved (90.1 vs 89.1%, HR 0.93)",Results from the combined TEXT+SOFT analysis; OS benefit confined to higher-risk subgroups,"12-y DFS HR 0.79 (95% CI 0.70-0.90), p<0.001",36521078,,,,Breast Cancer!21,
Breast Cancer,ER+,Adjuvant,,,SWOG S1007 (Rxponder),,1-3 node positive; RS 0-25; primary endpoint iDFS,Endocrine +/- chemo,Postmenopausal NS (5 year iDFS - 92/91%); Premenopausal 5 year iDFS 89 vs 94% (HR 0.6) and improved distant RFS (HR 0.58),Relative chemo benefit in premenopausal women did not change with increasing RS,,,,,,Breast Cancer!22,
Breast Cancer,ER+,Adjuvant,,,SWOG S1207,Phase 3,High-risk HR+/HER2- early breast cancer after chemotherapy; n=1792 eligible,Adjuvant everolimus,"Negative: IDFS HR 0.94 (0.77-1.14); OS HR 0.97 (0.75-1.26); premenopausal subgroup IDFS HR 0.64, OS HR 0.49; grade 3-4 AEs 35 vs 7%","Premenopausal benefit exploratory; treatment completion 48 vs 73%; SABCS 2022 abstract GS1-07 had reported 5-y IDFS 74.8 vs 73.9%, HR 0.93",IDFS HR 0.94 (95% CI 0.77-1.14),38833643,,,,Breast Cancer!23,
Breast Cancer,ER+,Adjuvant,,,Keynote 756,Phase 3,ER+; HER2-; T1c-2N1-2 or T3-4N0; grade 3; IDC; neoadjuvant,Neoadjuvant AC-T +/-pembro,pCR 24 vs 16%; EFS immature,,,,,,,Breast Cancer!24,
Breast Cancer,ER+,Adjuvant,,,Checkmate 7FL,Phase 3,ER+; HER2-; T1c-2N1-2 or T3-4N0; grade 2 or 3; IDC; neoadjuvant,Neoadjuvant AC-T +/- nivo,pCR 25 vs 14%;,,,,,,,Breast Cancer!25,
Breast Cancer,ER+,Adjuvant,,,lidERA,Phase 3,ER+HER2- EBC stage 1-3; either N+; >pT >1cm with grade 3 or Ki67 or high genomic score; or T4N0,Giredestrant vs SOC ET,iDFS HR 0.7 (3 year 92.4 vs 89.6%); less discontinuations for arthralgia and vasomotor; more bradycardia and VTE,,,,,,,Breast Cancer!26,
Breast Cancer,ER+,Adjuvant,,,EBCTG meta analysis,,Early stage breast ca,Bisphosphonates or not,Benefits in postmenopausal; bone recurrence 6.6 vs 8.8%; fracture 0.1 vs 10.3%; BC mortality 14.7 vs 18%;,,,,,,,Breast Cancer!28,
Breast Cancer,ER+,Adjuvant,,,D-CARE,,Early stage breast cancer,Denosumab or not,No bone metastasis free or DFS benefit,Cf ABCSG-18 showed 1 year OS benefit at 10 years and had DFS benefit,,,,,,Breast Cancer!29,
Breast Cancer,BRCA-mutated,,,,OlympiA,,"gBRCA1/2, HER2 negative, post definitive treatment and (neo)adjuvant treatment chemo; residual disease post neoadjuvant or ≥4 nodes + in adjuvant patients",Olaparib vs placebo,Emer,82% of patients had TNBC; 26% had platinum; no adjuvant capecitabine,,,,,,Breast Cancer!32,
Breast Cancer,ER+,Metastatic,,,Mauri meta-analysis,,Advanced breast cancer RCTs,AI vs tam,OS HR 0.89,,,,,,,Breast Cancer!35,
Breast Cancer,ER+,Metastatic,,,PALOMA-2,,Advanced HR+ MBC without prior treatment for advanced disease,Letrozole+/-palbociclib,"PFS 24.8 vs 14.5 mos, HR 0.58; ORR 42 vs 35%; OS NS",Meta-analysis suggests similar results with the 3 available CDKis although OS NS at ASCO 2022,,,,,,Breast Cancer!36,
Breast Cancer,ER+,Metastatic,,,MONALEESA-2,,Advanced HR+ MBC without prior treatment for advanced disease,Letrozole+/-ribociclib,"PFS 25.3 vs 16 mos, HR 0.56; ORR 43 vs 29%; OS 64 vs 51 mos, HR 0.76",,,,,,,Breast Cancer!37,
Breast Cancer,ER+,Metastatic,,,MONARCH-3,,Advanced HR+ MBC without prior treatment for advanced disease,Letrozole/Anastrozole+/-Abemaciclib,PFS NR vs 14.7 mos; HR 0.54; ORR 59 vs 44%; interim OS NS 67vs54 mos),Numerically better OS but not significant,,,,,,Breast Cancer!38,
Breast Cancer,ER+,Metastatic,,,FALCON,,ET naive ER+ MBC,Fulvestrant vs anastrozole,"PFS 16.6 vs 13.8 mos, HR 0.8; greater benefit in those with liver/lung mets (22 vs 14 mos); OS NS but ?immature",,,,,,,Breast Cancer!39,
Breast Cancer,ER+,Metastatic,,,SWOG S0226,,"ER+MBC, endocrine naive",Anastrozole+/-fulvestrant,"PFS 15 vs 14 mos, HR 0.81; OS 50 vs 42 mos, HR 0.82",ET naive patients may have been the reason for different outcomes in this study c/w FACT,,,,,,Breast Cancer!40,
Breast Cancer,ER+,Metastatic,,,FACT,,ER+MBC (only 1/3 ET naive),Anastrozole+/-fulvestrant,PFS NS (11 mos); OS NS (38 mos),,,,,,,Breast Cancer!41,
Breast Cancer,ER+,Metastatic,,,PALOMA-3,,ER+ MBS relapse/progression during or within 12 mos of ET,Fulvestrant+/-palbociclib,"PFS 11.2 vs 4.6 mos, HR 0.5; OS NS but trend (35 vs 28 mos, HR 0.8); 5 year OS 23 vs 17% (NS)",Trial stopped early limiting conclusions on OS,,,,,,Breast Cancer!42,
Breast Cancer,ER+,Metastatic,,,MONARCH-2,,ER+MBC progressing during ET,Fulvestrant+/-abemaciclib,"PFS 16.4 vs 9.3 mos, HR 0.55; ORR 48 vs 21%; OS 47 vs 37 mos, HR 0.68; chemo deferral 50 vs 22 mos",,,,,,,Breast Cancer!43,
Breast Cancer,ER+,Metastatic,,,MONALEESA-3,,ER+MBC with 0-1 prior ET treatment,Fulvestrant+/-ribociclib,"PFS 21 vs 13 mos, HR 0.59; OS 54 vs 42 mos, HR 0.73; 60 mo survival 46 vs 31%",,,,,,,Breast Cancer!44,
Breast Cancer,ER+,Metastatic,,,MONALEESA-7,,Pre/perimenopausal HR+MDS,Goserelin+tam/AI +/-ribociclib,"PFS 24 vs 13 mos, HR 0.55; 3.5 year OS 70 vs 46%, HR 0,71;",,,,,,,Breast Cancer!45,
Breast Cancer,ER+,Metastatic,,,RIGHT,Phase 2,premenopausal; aggressive HR+/HER2 (half with visceral crisis)-,Ribociclib/ET vs combination chemo,PFS 24 vs 12 mos and more tolerable; time to response 5 vs 3 mos,,,,,,,Breast Cancer!46,
Breast Cancer,ER+,Metastatic,,,PostMonarch,,Post CDK4/6+AI,Fulvestrant +/- abemaciclib,"PFS 6 vs 5.3 mos, HR 0.73; 6 mo PFS 50% and 37%",Similar treatment effect with ESR1/PIK3CA mutations,,,,May be a particular option in patients without PIK3CA mutations,,Breast Cancer!47,
Breast Cancer,ER+,Metastatic,,,CAPITELLO291,Phase 3,HR+/HER2- post AI (with or without CDK4/6i); with or without AKT alteration,Fulvestrant +/- capivasertib,"PFS 7 vs 4 mos, HR 0.6; similar w/wo AKT alterations",,,,,,,Breast Cancer!48,
Breast Cancer,ER+,Metastatic,,,FAKTION (ASCO ’22 update),Phase 2,HR+/HER2- breast cancer post AI,Fulvestrant+/-capivasertib,"PFS 10 vs 5 mos, HR 0.58; OS 29 vs 23 mos (HR 0.66); Benefit may be predominantly in PIK3CA/AKT/PTEN mutated tumours",,,,,,,Breast Cancer!49,
Breast Cancer,ER+,Metastatic,,,INAV0120,,"PIK3CAmut, ER+, HER2- met BC, Progressing during /within 12 most adjuvant endocrine Rx",Palbo/fulvestrant+/- inavolisib,"PFS 15 vs 7 mos, HR 0.43; 
OS 34 vs 27 mos, HR 0.67",,,,,,,Breast Cancer!50,
Breast Cancer,ER+,Metastatic,,,MAINTAIN,Phase 2,Metastatic; post CDK 4/6,Exe/fulvestrant +/- ribociclib,PFS 5 vs 3 mos (HR 0.56),Supports continuation CDK inhibition post progression,,,,,,Breast Cancer!51,
Breast Cancer,ER+,Metastatic,,,SOLAR-1,,ER+MBC with previous AI,Fulvestrant+/-alpelisib,"PFS in PIK3CA mut 11 vs 5.7 mos, HR 0,65; OS NS (trend for benefit 39 vs 31 mos)","Hyperglycemia, rash, diarrhea; these patients were not prev treated with CDK4/6 inhibitors",,,,,,Breast Cancer!52,
Breast Cancer,ER+,Metastatic,,,BOLERO-2,,ER+MBC post anastrozole,Exemestane+/-everolimus,"PFS 7 vs 3 mos, HR 045; ORR 9.5 vs 0.4%; OS 31 vs 26.6 mos, HR 0.89;",,,,,,,Breast Cancer!53,
Breast Cancer,ER+,Metastatic,,,GINECO,Phase 2,"Open label phase 2, ER+MBC post AI",Tam+/-everolimus,"PFS 8.6 vs 4.5 mos, HR 0.54; OS HR 0.45; ORR NS",,,,,,,Breast Cancer!54,
Breast Cancer,ER+,Metastatic,,,PEARL,Phase 3,ER+MBC post AI; superiority study,Palbo/endocrine Rx vs Cape,PFS NS (7.5 mos pal vs 10 mos Cape); palbo better tolerated,,,,,,,Breast Cancer!55,
Breast Cancer,ER+,Metastatic,,,YOUNG PEARL,Phase 2,"Premenopausal HR+/HER2- MBC progressing on tamoxifen, ≤1 prior chemo line; n=184",Palbo/exe/leuprolide vs cape,"PFS 20.1 vs 14.4 mo, HR 0.66 (0.44-0.99); OS NS; treatment-related SAEs 2 vs 17%; better QOL",,"PFS 20.1 vs 14.4 mo, HR 0.659 (95% CI 0.437-0.994), one-sided p=0.0235",31668850,,,,Breast Cancer!56,
Breast Cancer,ER+,Metastatic,,,Xu,Phase 3,HR+/HER2- breast cancer,Exemestane+/- entinostat,PFS 6.3 vs 3.7 mos (HR 0.74),,,,,,,Breast Cancer!57,
Breast Cancer,ER+,Metastatic,,,EMERALD,Phase 3,post 1-2 lines ET; prev CDK4/6; ≤1 chemo,Elacestrant vs standard ET,PFS HR 0.70; HR 0.55 IN ESR1 mut; actual pas benefit small 2.9 vs 1.9 mos,,,,,,,Breast Cancer!58,
Breast Cancer,ER+,Metastatic,,,PADA-1,,"HR+/HER2-, randomized switch after detection of rising ESR1 mutation",AI-palbo switch to fulvestrant-palbo,PFS 12 vs 5.7 mos (HR 0.63); switching after progression did not seem to produce same benefit as switching when detecting mutation,,,,,,,Breast Cancer!59,
Breast Cancer,ER+,Metastatic,,,TROPICS-02,,HR+/HER2- after CDK4/6 and 2-4 lines chemo,Sacituzumab vs investigators choice,"PFS 5.5 vs 4 mos (HR 0.66); OS 14 vs 11 mos, HR 0.79",,,,,,,Breast Cancer!60,
Breast Cancer,ER+,Metastatic,,,DESTINY Breast 04,Phase 3,"HER2 low(1+/2+ neg FISH), 1-2 prior lines, phase 3 (NB: 10% were ER neg)",TDXd vs investigator’s choice,"HR pos cohort: PFS 10 vs 5.4 mos (HR 0.51); OS 24 vs 17.5 mos (HR 0.64)

Similar in overall cohort; ILD in 12%; 1% fatal",,,,,,,Breast Cancer!61,
Breast Cancer,ER+,Metastatic,,,DESTINY Breast 06,,"HR+ HER2 low or ultralow, no prior chemo, ≥2 lines ET",TDXd vs investigator’s choice,"PFS 13 vs 8 mos, HR 0.62 for HER2 low; similar results for ultralow. OS immature",,,,,,,Breast Cancer!62,
Breast Cancer,ER+,Metastatic,,,TROPION-Breast01,,"HR+, HER2-, 1-2 prev lines chemo",Dato-DXd vs investigators choice,"TTNT 8 vs 5 mos, HR 0.53; better AE and QOL than chemo; OS NS",,,,,,,Breast Cancer!63,
Breast Cancer,ER+,Metastatic,,,ASCENT-07,,"Met HR+ HER2- BC, no prior chemo for locally adv/met; early progression ET/CDK4/6","sacituzumab vs chemo (Cape, taxol, abraxane)",PFS NS (8 mos),,,,,,,Breast Cancer!64,
Breast Cancer,ER+,Metastatic,,,EMBER-3,,"HR+, HER2-, post AI",Imlunestrant+/-abema vs ET mono therapy,"ESR1 mut: PFS 5.5 mos I vs 3.8 mos ET; 
Overall: PFS NS I vs ET; I+abema 9.4 mos vs I 5.5 mos, HR 0.57",,,,,,,Breast Cancer!65,
Breast Cancer,ER+,Metastatic,,,VERITAC-2,,"HR+, HER2-, post AI",Vepdegestrant vs fulvestrant,"ESR1 mut PFS 5 vs 2 mos, HR 0.58; overall pop NS",PROTAC degrader - effective in ESR1 mut,,,,,,Breast Cancer!66,
Breast Cancer,ER+,Metastatic,,,SERENA-6,,"HR+, HER2-, with ESR1 developing",AI/CDK4/6 +/- Camizestrant addition,"PFS 16 vs 9 mos, HR 0.44; QOL deterioration 23 vs 6 mos, HR 0.53",,,,,,,Breast Cancer!67,
Breast Cancer,ER+,Metastatic,,,FINER,,ER+MBC with previous AI/CDK4/6,Fulvestrant +/- ipatasertib,"PFS 5 vs 2 mos, HR 0.61;",,,,,,,Breast Cancer!68,
Breast Cancer,ER+,Metastatic,,,VIKTORIA1,,ER+/HER2- MBC;,Gedtolisib+Fulvestrant+/-palbo vs Fulvestrant (3 arms),PFS better doublet and triplet,,,,,,,Breast Cancer!69,
Breast Cancer,HER2+,Neoadjuvant/adjuvant,,,TRAIN-2,,II/III breast ca,Tras+pert with either FEC-TC (6) or TC (9),same EFS (94/93%) and OS (98%); path CR 67/68%,Argues against benefit to inclusion of anthracycline,,,,,,Breast Cancer!74,
Breast Cancer,HER2+,Neoadjuvant/adjuvant,,,TRYPHAENA,Phase 2,"Operable, locally advanced or inflammatory HER2+ breast cancer; n=225",FEC-HP->THP vs FEC->THP vs TCHP (neoadjuvant),"Cardiac safety study: symptomatic LVSD 0, 2.7 and 0%; path CR (ypT0/is) 62, 57 and 66% (FEC-HP->THP, FEC->THP, TCHP)",Not powered to compare pCR between arms,"Symptomatic LVSD 2.7% (FEC->THP arm only); LVEF decline ≥10 points to <50% in 5.6, 5.3 and 3.9%",23704196,,,,Breast Cancer!75,
Breast Cancer,HER2+,Neoadjuvant/adjuvant,,,BCIRG,Phase 3,Phase 3 adjuvant breast,Adjuvant ACTH vs TCH vs ACT,Both tras arms better than ACT; less CHF with TCH 0.4 vs 2%,,,,,,,Breast Cancer!76,
Breast Cancer,HER2+,Neoadjuvant/adjuvant,,,NeoSphere,Phase 2,"Treatment-naive operable, locally advanced or inflammatory HER2+ breast cancer; n=417",DH vs DP vs DHP vs HP,"Path CR DHP 46% vs DH 29% (p=0.014), DP 24%, HP 17%; PFS not prolonged but underpowered for this",,"Breast pCR 45.8% DHP vs 29.0% DH, p=0.0141",22153890,,,,Breast Cancer!77,
Breast Cancer,HER2+,Neoadjuvant/adjuvant,,,DESTINY Breast 11,Phase 3,Phase 3 neoadjuvant HER2+ high risk (≥cT3 or N1-N3),TDXd-> THP vs ddAC-> THP,pCR 67 vs 56%;,Higher pCR in HR negative (83 vs 67%); EFS trend HR 0.56 (NS),,,,,,Breast Cancer!78,
Breast Cancer,HER2+,Neoadjuvant/adjuvant,,,KATHERINE,,Residual invasive disease after neoadjuvant taxane containing chemo with tras,TDM1 vs tras,"8 year iDFS 81 vs 67%, HR 0.5; 7 year OS 89 vs 84%, HR 0.66",,,,,,,Breast Cancer!80,
Breast Cancer,HER2+,Neoadjuvant/adjuvant,,,DESTINY Breast 05,,"Residual high risk disease (cT4, cN2-3, ypN1) after neoadjuvant taxane containing chemo with tras",TDXd vs TDM1,"3 year iDFS 92 vs 84%, HR 0.47",,,,,,,Breast Cancer!81,
Breast Cancer,HER2+,Neoadjuvant/adjuvant,,,APHINITY,,Node+ or high risk node neg,Chemo-tras +/-pert,"3-y iDFS 94.1 vs 93.2%, HR 0.81; node+ 92 vs 90%, HR 0.77; no difference in node-neg; 6-y node+ iDFS 88 vs 83%, HR 0.76, still no benefit node-neg",,,,,,,Breast Cancer!82,
Breast Cancer,HER2+,Neoadjuvant/adjuvant,,,KAITLIN,,"HER2 positive, adjuvant, ≥T2N0 or N+, all had AC",TDM1-pert vs taxane-tras-pert,IDFS NS (3 year 94%),,,,,,,Breast Cancer!83,
Breast Cancer,HER2+,Neoadjuvant/adjuvant,,,ExteNET,,Post 1 year trastuzumab,Neratinib vs Obs,"5 year iDFS 90 vs 87.7%, HR 0.73; trend for more improvement in HR+;",No data on adjuvant neratinib in patients who received pertuzumab,,,,,,Breast Cancer!84,
Breast Cancer,HER2+,Neoadjuvant/adjuvant,,,APT,Phase 2,T1N0,Taxol-tras,"3 year iDFS 98.7%; 7 year DFS 93%, OS 95%",,,,,,,Breast Cancer!85,
Breast Cancer,HER2+,Neoadjuvant/adjuvant,,,ATEMPT,Phase 2,Stage 1,TDM1 vs TH,3 year iDFS 97.7% vs 92.8% (not powered for comparison),Limited follow up and toxicity issues so TDM1 still not standard as adjuvant,,,,,,Breast Cancer!86,
Breast Cancer,HER2+,Metastatic,,,Cleopatra,,1st line,Doce-tras+/-pert,OS 57 vs 41 mos; 8 year survival 37 vs 23%; HR 0.69,,,,,,,Breast Cancer!91,
Breast Cancer,HER2+,Metastatic,,,HER2CLIMB-05,,Maintenance after THP for HER2+ MBC,Tucatinib vs placebo in combination with HP maintenance,"mPFS 25 vs 16 mos, HR 0.64; OS trend positive; more nausea, diarrhea, LFTs",,,,,,,Breast Cancer!92,
Breast Cancer,HER2+,Metastatic,,,PATINA,,Maintenance after THP for HER2+ MBC,T(+/-P) with or without palbo,"PFS 44 vs 29 mos, HR 0.74; reduced CNS progression with baseline mets",,,,,,,Breast Cancer!93,
Breast Cancer,HER2+,Metastatic,,,MARIANNE,,1st line,TDM1 vs TDM1+pertuzumab vs tras-taxane,Similar PFS and ORR in all arms,,,,,,,Breast Cancer!94,
Breast Cancer,HER2+,Metastatic,,,DESTINY Breast 09,,1st line,TDXd vs TDXd-pert vs taxane-pert-tras,Recruiting,,,,,,,Breast Cancer!95,
Breast Cancer,HER2+,Metastatic,,,TH3RESA,,≥2 prev HER2 directed regimens,TDM1 vs dealers choice,"PFS 6.2 vs 3.3 mosl; OS 22.7 vs 15.8 mos, HR 0.68",,,,,,,Breast Cancer!96,
Breast Cancer,HER2+,Metastatic,,,EMILIA,,Post HER2 directed progression,TDM1 vs lap-cape,"OS 31 vs 25 mos, HR 0.68 ; PFS 10 vs 6 mos;",,,,,,,Breast Cancer!97,
Breast Cancer,HER2+,Metastatic,,,DESTINY-BREAST03,Phase 3,2nd line; Previous tras-taxane,TDM1 vs TDXd,"PFS NR vs 6.8 mos, HR 0.28; 12 mo OS 94 vs 86%, HR 0.55; ILD 11 vs 2% (all g 1/2)","Trial stopped early; 

Establishes TDXd as 2nd line option",,,,,,Breast Cancer!98,
Breast Cancer,HER2+,Metastatic,,,HER2CLIMB2-02,,2nd line HER2 positive after taxmen,TDM1 +/- tucatinib,"PFS 9.5 vs 7.4 mos, HR 0.76; with brain mets OFS 7.8 vs 5.6 most, HR 0.64; OS immature",,,,,,,Breast Cancer!99,
Breast Cancer,HER2+,Metastatic,,,HER2CLIMB,,"Prev tras, pert, TDM1",Cape-tras+/-tucatinib,"2 year OS 45 vs 27%; 1 year PFS 33 vs 12%; with CNS mets, 1 year PFS 25% vs 0%",,,,,,,Breast Cancer!100,
Breast Cancer,HER2+,Metastatic,,,NALA,,≥2 prior HER2 directed lines,Cape-neratinib vs cape-lapatinib,"similar OS (24, 22 mos); PFS favoured neratinib 8.8 vs 6.6 mos",,,,,,,Breast Cancer!101,
Breast Cancer,HER2+,Metastatic,,,SYSUCC-002,,"1st line HER2 pos, metastatic",Trastuzumab with endocrine or chemo,"PFS NS, OS NS",Supports the option of endocrine therapy with anti HER2,,,,,,Breast Cancer!102,
Breast Cancer,HER2+,Metastatic,,,SOPHIA,,Previously treated HER2+ advanced breast cancer,Chemo +margetuximab or trastuzumab,PFS better with margetuximab; OS NS (22 mos),,,,,,,Breast Cancer!103,
Breast Cancer,TNBC,,,,BrighTNess,,Stage II/III TNBC,Taxol+/-carbo+/-veliparib-> AC,"Carbo increased pCR rate 58 vs 31%; 4 year EFS 79 vs 66%, HR 0.57; OS NS (trend for improvement with carbo); increased heme toxicity with carbo; veliparib not helpful","Supports addition of carbo in neoadjuvant setting;

pCR correlated wth better EFS (HR 0.26)",,,,,,Breast Cancer!106,
Breast Cancer,TNBC,,,,GeparSixto,,NACT in TNBC,"Taxol, lipo-dox and bev +/- carbo","DFS 86 vs 76%, HR 0.56; OS NS (92 vs 86%)",Showed DFS benefit whereas other studies of adding carbo have only reported pCR,,,,,,Breast Cancer!107,
Breast Cancer,TNBC,,,,KEYNOTE-522,Phase 3,II/III TNBC; NACT,Carbo-taxol->AC +/- pembro,"36 mo EFS 85 vs 77%, HR 0.63; Path CR in PDL1+ 69 vs 55%, PDL1- 45 vs 30%",,,,,,,Breast Cancer!108,
Breast Cancer,TNBC,,,,IMpassion 031,Phase 3,II/III TNBC; NACT,Nab-paclitaxel->AC +/- atezolizumab,PathCR 58 vs 41%; In PDL1+ 69 vs 49%; PDL1- 48 vs 34%,,,,,,,Breast Cancer!109,
Breast Cancer,TNBC,,,,IMpassion 030,Phase 3,"II/III TNBC, adjuvant phase 3",chemo+/- atezo,iDFS NS,,,,,,,Breast Cancer!110,
Breast Cancer,TNBC,,,,CREATE-X,,"HER2 negative breast cancer, (1/3 TNBC), residual disease after neoadjuvant chemo",Cape x 8 vs no further chemo,"DFS 74 vs 68%, HR 0.7; OS 89 vs 84%, HR 0.59; improved outcomes driven by TNBC with DFS 70 vs 56%, HR 0.58",,,,,,,Breast Cancer!111,
Breast Cancer,TNBC,,,,EA1131,,"TNBC, residual disease after neoadjuvant",Platinum chemo vs cape,3 year iDFS NS and OS,Capecitabine remains the standard in this setting,,,,,,Breast Cancer!112,
Breast Cancer,TNBC,,,,SYUCC-001,,Stage 2/3 TNBC post standard adjuvant; cape given lower dose x 1 year,Capecitabine vs placebo,"5 year DFS 83 vs 73%, HR 0.64; 5 year OS 85 vs 81%, HR 0.75;",,,,,,,Breast Cancer!113,
Breast Cancer,TNBC,,,,TNT,,"First line, metastatic TNBC",Carboplatin vs docetaxel,"In BRCA1/2 mut,carboplatin had higher RR 68 vs 33% and PFS 6.8 vs 4.4 mos; OS NS but there was crossover; less toxicity with carboplatin",,,,,,,Breast Cancer!114,
Breast Cancer,TNBC,,,,IMpassion 130,,"met TNBC, ≥12 mos out from adjuvant chemo;",Nab-paclitaxel+/- atezolizumab,"PFS 7.2 vs 5.5 mos. HR 0.8; OS NS (21 vs 17.6 mos); in PDL1+ PFS 7.5 vs 5 mos, HR 0.62 and OS 25 vs 15.5 mos, HR 0.62;",,,,,,,Breast Cancer!115,
Breast Cancer,TNBC,,,,KEYNOTE 355,,"Met TNBC, disease free interval ≥6 mos,",Chemo+/-pembro,"PFS 7.5 vs 5.6 mos, HR 0.82; benefit limited to CPS≥10 with PFS 9.7 vs 5.6 mos, HR 0.65; OS 23 vs 16 mos, HR 0.73 in CPS ≥10; no OS benefit in CPS ≥1",,,,,,,Breast Cancer!116,
Breast Cancer,TNBC,,,,KEYNOTE 119,,"Met TNBC, 1-2 prior lines, previous anthracycline and taxane",Pembro vs chemo,OS NS (~10 mos); no impact of CPS ≥1 or ≥10,Note that platinum was not one of the chemo options and fewer than half had previous platinum,,,,,,Breast Cancer!117,
Breast Cancer,TNBC,,,,IMpassion 131,,first line TNBC,Paclitaxel+/-atezo,PDL1+ PFS NS (5.6 vs 6 mos),Discrepancy bet/ this and IMpassion131 results unclear (?due to chemo backbone),,,,,,Breast Cancer!118,
Breast Cancer,TNBC,,,,TROPION-Breast02,,"first line met TNBC, IO not an option",Dato-DXd vs investigators choice,"PFS 11 vs 6 mos, HR 0.57; 18 mo PFS 33 vs 17%; ORR 63 vs 29%",,,,,,,Breast Cancer!119,
Breast Cancer,TNBC,,,,ASCENT-03,,"first line met TNBC, IO not an option",SG vs chemo,"PFS 10 vs 7 mos, HR 0.62; ORR 48 vs 46%; mDOR 12 vs 7 mos;",,,,,,,Breast Cancer!120,
Breast Cancer,TNBC,,,,OlympiAD,,Metastatic HER2 neg BRCA assoc breast ca,"Olaparib vs chemo (cape, eribulin or vinorelbine)","PFS 7 vs 4.2 mos, HR 0.58; OS NS; in TNBC subgroup PFS HR 0.43 as compared with 0.82 in HR+",,,,,,,Breast Cancer!121,
Breast Cancer,TNBC,,,,EMBRACA,,Metastatic HER2 neg BRCA assoc breast ca,"Talazoparib vs chemo (cape, eribulin, gem or vinorelbine)","PFS 8.6 vs 5,6 mos, HR 0.54; OS NS",,,,,,,Breast Cancer!122,
Breast Cancer,TNBC,,,,ASCENT,Phase 3,Metastatic TNBC; >= 2 prior chemo,"sacituzumab vs chemo (Cape, eribulin, gemcitabine, vinorelbine)","PFS 5.6 vs 1.7 mod, HR 0.41; OS 12.1 vs 6.7 mos , HR 0.48; ORR 35 vs 5%; neutropenia, diarrhea, feb neut",,,,,,,Breast Cancer!123,
Breast Cancer,TNBC,,,,ASCENT-04,,Metastatic TNBC 1st line,SG-Pembro vs chemo-pembro,"PFS 11 vs 8 mos, HR 0.65; ORR 60 vs 53%;",,,,,,,Breast Cancer!124,
Breast Cancer,TNBC,,,,TROPION-PanTumour01,Phase 1,TNBC; previously treated,Datopotamab deruxtecan,ORR 34%,,,,,,,Breast Cancer!125,
Breast Cancer,Radiation,,,,LUMINA,,"≥55 yo; lumpectomy for T1-2,N0; negative margins; luminal A; treated with adjuvant endocrine Rx",Omission of adjuvant radiation after BCS,5 year locoregional release was 2.3% (met respecified criteria of ≤5%),,,,,,,Breast Cancer!128,
Breast Cancer,Other,Neoadjuvant,,,Kuerer et al,,TNBC or HER2+ treated with NACT and image guided biopsy determined path CR,Omission of surgery (after chemo and radiation),No ipsilateral breast recurrences after 26 months follow up,,,,,,,Breast Cancer!132,
CML,,,,,IRIS,,"RCT, newly diagnosed",Imatinib vs IFN+cytarabine,"imatinib CHR 97%; CCyR 76%; MMR 39%; PFS 97%; after 10 years 93% MMR and 63% MR 4.5, 10 year OS 84%",,,,,,,CML!4,
CML,,,,,ENESTnd,,"RCT, newly diagnosed",Nilotinib (300 or 400) vs imatinib,"OS, PFS, EFS NS; Progression to acc/blast phase in 12/9 vs 33 (HR 0.46/0.28).",CV events 7.5/13.4% vs 2.1%;,,,,,,CML!5,
CML,,,,,DASISION,,"RCT, newly diagnosed",Dasatinib vs imatinib,"PFS, OS NS; MR at 3 months 84 vs 64%; MMR 4.5 (42 vs 33%); Prog to acc/blast phase at 5 years 4.6 vs 7.3%;",,,,,,,CML!6,
CML,,,,,BELA,,"RCT, newly diagnosed",Bosutinib vs imatinib,"Similar CCyR, MMR after 24 mos; faster responses with bosutinib",,,,,,,CML!7,
CML,,,,,Bfore,,"RCT, newly diagnosed",Bosutinib vs imatinib,12 month MMR 61 vs 51%,,,,,,,CML!8,
CML,,,,,Yun meta-analysis,,Meta-analysis,1st vs 2nd gen TKI,"CCyR NS, PFS NS, OS NS; MMR HR 0.76; less progression to accelerated/blast phase less common 0.37; similar CCyR and MMR among risk groups with different agents",Lower risk of progression observed strongly driven by one RCT (ENESTnd),,,,,,CML!9,
CML,,,,,ENESTcmr,,Detectable BCR-Abl after 2 years imatinib,Switch to NIL or continue IM,Undetectable BCR-Abl at 1 year 13 vs 6%; loss of CCyR in 0 vs 3 pts; No AP/blast phase; more g 3/4 AEs with NIL;,,,,,,,CML!10,
CML,,,,,Shah,,IM resistant/intolerant,Dasatinib 50 vs 100 vs 70 vs 140,CCyR in 41-45%;,Generally about half of patients resistant to IM achieve CCyR with 2nd gen TKI,,,,,,CML!11,
CML,,,,,PACE,Phase 2,resistant or intolerant to DAS or NIL; 72% had T315I,Ponatinib,"MCyR in 60%, MMR in 40%, MR4.5 in 24%; 82% maintained MCyR for 5 years; 5 year arterial obstructive events in 31%",,,,,,,CML!12,
CML,,,,,OPTIC,Phase 2,resistant/intolerant to ≥2 TKIs,"Ponatinib at different starting doses (45, 30, 15) and reduced after response",Response at 12 mos best in 45 mg cohort (44% vs 29% vs 23%) similar AEs across arms but more AOEs with higher dosing,,,,,,,CML!13,
CML,,,,,ASC4FIRST,Phase 3,1st line,Asciminib or investigator selected TKI,MMR at 48 wks: 68 vs 49% and 69% vs 40% with IM; 66% vs 58% with 2nd gen TKI; grade ≥3 AEs less common with asciminib,,,,,,,CML!14,
CML,,,,,ASCEMBL,Phase 3,3rd line,Asciminib vs bosutinib,"24 month MMR 25% vs 13%; 
36 mo MMR 34% vs 11%
grade 3 events fewer with asciminib",,,,,,,CML!15,
CML,,,,,Cortes,,"CML, TKI resistant, T315I present",Omacetaxine,PFS 7.7 mos; CCyR 16%;,,,,,,,CML!16,
CML,,,,,STIM-1,,CML on imatinib with undetectable MRD for >=2 years,Stopping imatinib,"RFS 43% at 6 mos, 38% at 60 mos; median time to relapse 2.5 mos; no progressions; Sokal score and duration of imatinib linked to successful TFR",,,,,,,CML!17,
CML,,,,,STOP 2G-TKI study,,"DAS or NIL, ≥3 years TKI with MR4.5 for 2 years (undetectable)",Stopping study,Molecular relapse (loss of MMR) 43% at median 47 mo follow-up (min 12 mo); median time to relapse 4 mo (1-38); no progression,Loss of MR4.5 3 months after stopping TKI predicted later loss of MMR,,,,,,CML!18,
CML,,,,,EURO-SKI,,"MR3>1 year; tki >=3 years,",TKI discontinuation,Molecular relapse free survival at 2 years 50%,,,,,,,CML!19,
CML,,,,,LAST,,"Various TKIs, MR 4.0 after ≥2 years",Stopping study,66% in remission after 12.3 mos median follow up,,,,,,,CML!20,
CML,,,,,ENESTfreedom,Phase 2,frontline nilotinib; MR 4.5 ≥2years NIL,Stopping study,"48 weeks, 51.5% in remission",,,,,,,CML!21,
CML,,,,,JALSG CML212,Phase 3,newly diagnosed; endpoint MR4.5,Da satin in vs nilotinib,"Similar rates MR 4.5, PFS, OS between arms; differences in toxicity",,,,,,,CML!22,
CML,,,,,TIGER,Phase 3,1st line,Nilotinib +/- pegIFN induction+maintenance,Higher molecular response with induction IFN but worse toxicity; 2 year PFS in TFR eligible patients 62 vs 53% with IFN maintenance,,,,,,,CML!23,
Colorectal Cancer,,Neoadjuvant,,,FOxTROT,,CT predidcted T3-4N0-2 colon cancer,OR->oxali based chemo vs pre-op chemo (6 weeks)->OR->18 weeks chemo,"2 year DFS 17 vs 23%, HR 0.72. Lower rates R1/R2 95 vs 89% R0), more downstaging (4% pathCR),",Opens up neoadjuvant chemo as option in locally advanced colon cancer,,,,,,Colorectal Cancer!4,
Colorectal Cancer,,Neoadjuvant,,,RAPIDO,,"high risk rectal (cT4, cN2, extramural invasion, involved mesorectzl fascia, involved lateral nodes)",short course XRT -> CAPOX/FOLFOX->TME vs long course chemorads->TME->CAPOX/FOLFOX,3 year treatment failure 24% vs 30%; 6% difference in distant met rate,,,,,,,Colorectal Cancer!5,
Colorectal Cancer,,Neoadjuvant,,,Cercek et al,,dMMR stage II/III rectal adenoma;,Neoadj Dostarlimab,100% (12/12) complete clinical response; all observed without surgery,Longer follow uo needed to assess duration of response,,,,,,Colorectal Cancer!6,
Colorectal Cancer,,Neoadjuvant,,,NICHE2,,dMMR colon cancer; Safety and 3 year DFS primary endpoints,Ipi x 1 and Nico x 2 neoadjuvant,3% grade 3/4 irAEs; No disease recurrence at 13 months; 94% MPR and 67% path CR,,,,,,,Colorectal Cancer!7,
Colorectal Cancer,,Neoadjuvant,,,PRODIGE 23,,T3 with risk local recurrence or T4;,FOLFIRINOX->chemoRT->TME->folfox vs chemoRT->TME->FOLFOX,"DFS* 66 vs 60 mos, OS 76 vs 72 mos",Restricted mean survival time used instead of DFS for statistical reasonable,,,,,,Colorectal Cancer!8,
Colorectal Cancer,,Neoadjuvant,,,PROSPECT,Phase 3,"Neoadjuvant, T2 N+ or T3, noninferiority phase 3",FOLFOX vs chemoradiation,FOLFOX noninferior for 5 year DFS (81% vs 79%),,,,,,,Colorectal Cancer!9,
Colorectal Cancer,,Adjuvant,,,MOSAIC,,Stage II/III colon,FOLFOX vs FU/LV,DFS 73 vs 67% HR0.80; 6 year OS in stage 3 73 vs 69%; in stage II 6 year OS not different,In general in stage 3 colon cancer there is a 30% RRR in disease recurrence anmd 22-32% improvement in survival,,,,,,Colorectal Cancer!14,
Colorectal Cancer,,Adjuvant,,,IDEA,Meta-analysis,"Resected stage III colon cancer; pooled analysis of 6 RCTs, n=12834",3 vs 6 months adjuvant FOLFOX or CAPOX,"Non-inferiority of 3 mo not confirmed: 3-y DFS HR 1.07 (1.00-1.15); non-inferior for CAPOX (HR 0.95), not FOLFOX (HR 1.16); 5-y OS 82.4 vs 82.8%","T1-3N1: 3-y DFS 83.1 vs 83.3%, 3 mo non-inferior; T4/N2: 6 mo superior (3-y DFS 64.4 vs 62.7%); OS by risk group: T1-3N1 89.6 vs 88.9%, T4/N2 74 vs 72%, HR 1.08; grade 3 neuropathy 13 vs 3% with 6 vs 3 mo; CAPOX seemed better than FOLFOX at 3 mo although not a randomized comparison; upstaging to N2 by adding tumour deposits may guide duration; stage II subset: non-inferiority not shown; final OS update: PMID 33271092",3-y DFS HR 1.07 (95% CI 1.00-1.15); non-inferiority (margin 1.12) not confirmed,29590544,,,,Colorectal Cancer!15,
Colorectal Cancer,,Adjuvant,,,IMPACT,,Dukes B/C colon;,5FU/LV or placebo,3 year OS 83 vs 78%; benefit limited to stage 3 in subgroup analysis,,,,,,,Colorectal Cancer!16,
Colorectal Cancer,,Adjuvant,,,QUASAR,,Colon or rectal (29%) cancer,5FU/LV vs observation,"3-4% benefit in OS in entire population; only trend to benefit in stage 2 patients (HR 0.86 (0.54-1.19), 5 year OS 83.9 vs 81.5%",,,,,,,Colorectal Cancer!17,
Colorectal Cancer,,Adjuvant,,,Meta-analyses stage 2,,"Cancer care Ontario, IMPACT B2, Intergroup analysis, ACCENT collaboration",Adjuvant chemotherapy vs surgery alone,Improved DFS in stage 2 generally but OS difference in most instances not statistically significant; overall OS benefit not expected to be >5%; consider T stage and risk factors,,,,,,,Colorectal Cancer!18,
Colorectal Cancer,,Adjuvant,,,ATOMIC,Phase 3,adjuvant; dMMR,FOLFOX +/- atezolizumab,"3-y DFS 86.3 vs 76.2%, HR 0.50 (0.35-0.73), p<0.001; grade 3/4 AEs 84.1 vs 71.9%",Published NEJM figures differ slightly from the ASCO 2025 presentation (86.4 vs 76.6%),"3-y DFS 86.3 vs 76.2%, HR 0.50 (95% CI 0.35-0.73), p<0.001",41880612,,,,Colorectal Cancer!19,
Colorectal Cancer,,Adjuvant,,,DYNAMIC,Phase 3,adjuvant stage II CRC,ctDNA or standard guidance adjuvant therapy,2-y RFS non-inferior with ctDNA guidance 94 vs 92%; less chemo 15 vs 28% (RR 1.82); 3-y RFS ctDNA+ treated with chemo 86% vs ctDNA-neg untreated 93%,,,,,,,Colorectal Cancer!20,
Colorectal Cancer,,Adjuvant,,,COBRA,Phase 2/3,Resected stage 2 without high risk features,Observation vs ctDNA directed adjuvant (FOLFOX if ctDNA detected),Endpoints: clearance of ctDNA (phase II) and RFS (phase 3),CIRCULATE is a similar trial in Germany; CIRCULATE-US is looking at stage II and III,,,,,,Colorectal Cancer!21,
Colorectal Cancer,,Adjuvant,,,CHALLENGE,,Resected stage III or high risk stage 2,Exercise vs education,"5 year DFS 80 vs 74%, HR 0.72; 8 year OS 90 vs 83%",,,,,,,Colorectal Cancer!22,
Colorectal Cancer,,Metastatic,"1st line, inoperable",,SYNCHRONOUS/CCRe-IV,,Two trials combined for faster reporting; newly diagnosed CRC with synchronous unresectable metastases,Chemo+/- up front resection primary tumour,OS 17 vs 19 mos (NS),Resecting primary tumour if asymptomatic does not seem to prolong OS,,,,,,Colorectal Cancer!27,
Colorectal Cancer,,Metastatic,"1st line, inoperable",,AVEX,Phase 3,Untreated mCRC ≥70 years old; ineligible for oxali/iri,Cape+/-bev,"PFS 9 vs 5 mos, HR 0.53; OS NS",,,,,,,Colorectal Cancer!29,
Colorectal Cancer,,Metastatic,"1st line, inoperable",,CALGB/SWOG 80405,,1st line; KRAS exon 2 wt,FOLFIRI/FOLFOX + bev or cetuximab,RAS wt left sided med OS 39 vs 33 months; bev superior for right sided 29 vs 13 months,,,,,,,Colorectal Cancer!30,
Colorectal Cancer,,Metastatic,"1st line, inoperable",,PARADIGM,,"1st line, RAS wt, left sided as primary subset",FOLFOX with pan or Bev,OS HR 0.82 in left sided; higher ORR and R0 resection rate with pan,Intermittent panitumumab might be better than to progression with less toxicity and better PFS,,,,,,Colorectal Cancer!31,
Colorectal Cancer,,Metastatic,"1st line, inoperable",,CRYSTAL,,1st line,FOLFIRI+/-cetux,In wt RAS subgroup OS was 23.5 vs 20 months,,,,,,,Colorectal Cancer!32,
Colorectal Cancer,,Metastatic,"1st line, inoperable",,TRIBE (and update),Phase 3,Untreated mCRC,FOLFOXIRI-bev vs FOLFIRI-bev,"PFS 12 vs 10 mos, HR 0.75; OS 30 vs 26 mos, HR 0.80; ORR 65 vs 53%; more grade 3/4 diarrhea, neutropenia, infection",,,,,,,Colorectal Cancer!33,
Colorectal Cancer,,Metastatic,"1st line, inoperable",,TRIBE2,,1 or 2nd line mCRC;,FOLFOXIRI-bev vs FOLFOX-bev then FOLFIRI-bev sequence,"PFS2 19.1 vs 16.4 mos, HR 0.74); OS 27.6 vs 22.6 mos, HR 0.81;",,,,,,,Colorectal Cancer!34,
Colorectal Cancer,,Metastatic,"1st line, inoperable",,STEAM,Phase 2,Previously untreated mCRC; n=280,Concurrent or sequential FOLFOXIRI-bev vs FOLFOX-bev,"ORR primary endpoint not met (72 and 73 vs 62%); pooled triplet PFS 11.7 vs 9.5 mo, HR 0.7; concurrent and sequential similar",,"ORR concurrent FOLFOXIRI-bev vs FOLFOX-bev 72.0 vs 62.1%, p=0.132; pooled triplet PFS 11.7 vs 9.5 mo, HR 0.7 (90% CI 0.5-0.9)",30552157,,,,Colorectal Cancer!35,
Colorectal Cancer,,Metastatic,"1st line, inoperable",,TRIPLETE,Phase 3,Untreated mCRC; RAS and BRAF wt,FOLFOX-pani vs FOLFOXIRI-pani,ORR NS (57%); PFS NS (12 mos),Intensifying EGFR doublet with third cytotoxic not apparently helpful,,,,,,Colorectal Cancer!36,
Colorectal Cancer,,Metastatic,"1st line, inoperable",,CAIRO5,Phase 3,Initially unresectable CRLM,FOLFOX/FOLFIRI with bev or panitumumab,"Left sided RAS/BRAF wt subgroup: PFS NS, R0 rate NS",Higher response rate with panitumumab did not translate to better outcomes,,,,,,Colorectal Cancer!37,
Colorectal Cancer,,Metastatic,"1st line, inoperable",,Meta-analysis triplet vs doublet with bev,Meta-analysis,"Unresectable mCRC; IPD from 5 RCTs (CHARTA, OLIVIA, STEAM, TRIBE, TRIBE2), n=1697",FOLFOXIRI-bev vs doublet-bev,"OS 28.9 vs 24.5 mo, HR 0.81 (0.72-0.91); PFS 12.2 vs 9.9 mo, HR 0.74; ORR 65 vs 54%; more grade 3-4 neutropenia and diarrhea",,"OS 28.9 vs 24.5 mo, HR 0.81 (95% CI 0.72-0.91), p<0.001",32816630,,,,Colorectal Cancer!38,
Colorectal Cancer,,Metastatic,"1st line, inoperable",,VOLFI,Phase 2,1st line; RAS wt,FOLFOXIRI+pani,"87% RR; (60% with FOLFOXIRI); trend for OS benefit at 0.67, p=0.12",,,,,,,Colorectal Cancer!39,
Colorectal Cancer,,Metastatic,"1st line, inoperable",,FIRE-3,,1st line,FOLFIRI + bev or cetuximab,RAS wt left sided med OS 38 vs 28 months; bev better for right sided tumors (23 vs 18 mos),,,,,,,Colorectal Cancer!40,
Colorectal Cancer,,Metastatic,"1st line, inoperable",,TASCO1,Phase 2,ineligible for oxali/iri based regimen,Lonsurf-bev vs Cape-bev,PFS NS (9 vs 8 mos); OS NS (22 vs 17.7 mos); different toxicities as expected,,,,,,,Colorectal Cancer!41,
Colorectal Cancer,,Metastatic,"1st line, inoperable",,KEYNOTE-177,Phase 3,1st line dMMR,Pembro vs chemo,"PFS 16.5 vs 8.2 mo; ORR 44 vs 33% but more PD as best response 30 vs 12%; 36-mo OS 61 vs 50%, HR 0.74 (not statistically significant)","OS curves separate well but did not meet criteria for statistical significance; the study did have crossover at 60%; in responding patients, 24-mo DOR - OS immature",,,,,,Colorectal Cancer!42,
Colorectal Cancer,,Metastatic,"1st line, inoperable",,Checkmate-142,Phase 2,dMMR,Nivo-Ipi,ORR 65%; responses durable; 48 mo PFS 53%; 48 mo OS 71%,Suggests combined immunotherapy more powerful than single agent,,,,,,Colorectal Cancer!43,
Colorectal Cancer,,Metastatic,"1st line, inoperable",,Checkmate 8HW,Phase 3,dMMR; 1st line and with previous treatment,Nivo-Ipi vs Nivo vs Chemo,"Nivo-ipi vs nivo: PFS NR vs 39 mos, HR 0.62; grade 3/4 AEs 22% vs 14%",,,,,,,Colorectal Cancer!44,
Colorectal Cancer,,Metastatic,"1st line, inoperable",,COMMIT,,1st line dMMR,Atezolizumab alone vs mFOLFOX6-bevacizumab-atezolizumab (FOLFOX-bev arm closed after 20 pts),"PFS HR 0.439 (0.23-0.84), p=0.0103; ORR 86.1 vs 46%; 12-mo disease control 64.7 vs 32.4%",Three-arm design; chemo-only arm dropped after KEYNOTE-177. Only 102 pts enrolled 2017-2025,"PFS HR 0.439 (95% CI 0.23-0.84), p=0.0103",42525921,,,,Colorectal Cancer!45,
Colorectal Cancer,,Metastatic,Maintenance,,OPTIMOX2,,mCRC after 6 cycles FOLFOX7,Maintenance 5FU/LV vs chemo break,Duration disease control 13 vs 9 mos; PFS 9 vs 7 mos; OS 24 vs 20 mos,Discontinuation of chemotherapy worsened disease control and PFS suggesting against upfront plan for treatment break,,,,,,Colorectal Cancer!48,
Colorectal Cancer,,Metastatic,Maintenance,,CAIRO3,Phase 3,mCRC; post 6 cycles CAPOX-B,Cape-bev maintenance vs observation,"PFS2 12 vs 9 mos, HR 0.67; QOL did not deteriorate during maintenance",,,,,,,Colorectal Cancer!49,
Colorectal Cancer,,Metastatic,Maintenance,,FOCUS4-N,,1st line CRC after 16 weeks chemo,Cape vs monitoring,"PFS 4 vs 2 mos, HR 0.4; OS NS",This is a trial subset including patients without genetic markers so more RAS and BRAF patients,,,,,,Colorectal Cancer!50,
Colorectal Cancer,,Metastatic,"1st line, operable",,EORTC 40983,,No previous oxali; up to 4 liver mets,FOLFOX vs surgery alone,"Similar resection rate; fewer futile laparotomies; more post-op complications with chemo; trend to improved PFS with chemo (38 vs 30%); OS not different (51 vs 48%, NS)",Trial wasn’t powered for OS,,,,,,Colorectal Cancer!53,
Colorectal Cancer,,Metastatic,"1st line, operable",,New EPOC,,KRAS wt; operable metastases,FOLFOX+/-cetuximab,Worse PFS with cetuximab (15.5 vs 22.2 months),Raises concern about anti-EGFR in resectable liver met patients although controversial,,,,,,Colorectal Cancer!54,
Colorectal Cancer,,Metastatic,"1st line, operable",,BECOME,,Liver limited potentially resectable RAS mutant mCRC,FOLFOX+/- bev,R0 resection 22 vs 6%; higher ORR,Bev should be considered in RAS wt potentially resectable patients,,,,,,Colorectal Cancer!55,
Colorectal Cancer,,Metastatic,"1st line, operable",,JCOG0603,,Liver limited mCRC; DFS primary endpoint,Liver resection+/- FOLFOX,Better 3 year DFS with chemo but worse 3 year OS (38 vs 88 months( and 5 year OS worse (70 vs 83%),Improved primary endpoint but no indication this improves OS; similar to EPOC study in lack of OS,,,,,,Colorectal Cancer!56,
Colorectal Cancer,,Metastatic,"1st line, operable",,PRODIGE7,Phase 3,peritoneal mets with PCI<25,Cytoreductive surgery +/- HIPEC,OS NS (41 mos); RFS NS (13/11 mos); 5 year RFS NS,CRS without HIPEC is standard of care when CRS used,,,,,,Colorectal Cancer!57,
Colorectal Cancer,,Metastatic,Later line,Chemotherapy,TML,Phase 3,PD < 3 months after chemo-bev,Chemo+/- bev,PFS 5.7 vs 4.1 months; OS 11.2 vs 9.8 months,,,,,,,Colorectal Cancer!63,
Colorectal Cancer,,Metastatic,Later line,Chemotherapy,PRODIGE 18,,PD after chemo bev; RAS wt,Switch to cetux or cont bev with chemo,Trend better PFS and OS with bev c/w cetux (trial stopped early due to TML results),,,,,,,Colorectal Cancer!64,
Colorectal Cancer,,Metastatic,Later line,Chemotherapy,VELOUR,,PD after FOLFOX-bev,FOLFIRI+/- aflibercept,OS 13.5 vs 12.1 mos; more toxicity than expected with beva,,,,,,,Colorectal Cancer!65,
Colorectal Cancer,,Metastatic,Later line,Chemotherapy,RAISE,,PD after FOLFOX-bev,FOLFIRI+/- ramucirumab,OS 13.3 vs 11.7 mos,,,,,,,Colorectal Cancer!66,
Colorectal Cancer,,Metastatic,Later line,Chemotherapy,RECOURSE,,Late line,Lonsurf vs placebo,OS 7.1 vs 5.3 mos,Benefit irrespective of previous regorafenib,,,,,,Colorectal Cancer!67,
Colorectal Cancer,,Metastatic,Later line,Chemotherapy,SUNLIGHT,,1-2 prior lines CRC,Lonsurf+/-bev,"OS 11 vs 7.5 mos, HR 0.61; 12 mo OS 46 va 30%; PFS 5.6 vs 2.4 mos, HR 0.44;",,,,,,,Colorectal Cancer!68,
Colorectal Cancer,,Metastatic,Later line,Chemotherapy,Pfeiffer lancet onc,Phase 2,post FOLFOX/FOLFIRI/EGFR MAb,Lonsurf +/- bev,"PFS 4.6 vs 2.6 mos, HR 0.45;",Phase 3 ongoing (SUNLIGHT trial - OS press release is positive),,,,,,Colorectal Cancer!69,
Colorectal Cancer,,Metastatic,Later line,Immunotherapy,KEYNOTE-164,Phase 2,dMMR/MSI-H CRC ≥2 or ≥1 prior lines,Pembro,ORR 33%; mDOR NR at 31 mos; med OS 31 mos,,,,,,,Colorectal Cancer!72,
Colorectal Cancer,,Metastatic,Later line,Immunotherapy,Checkmate-142,Phase 2,dMMR CRC - prev treated,Nivo,ORR 31%; med DOR NR,,,,,,,Colorectal Cancer!73,
Colorectal Cancer,,Metastatic,Later line,Targeted therapy,Jonker et al,,"post 5FU, oxali, iri",Cetux vs placebo,OS 6.1 vs 4.6 months,In re-analysis benefit limited to KRAS wt,,,,,,Colorectal Cancer!76,
Colorectal Cancer,,Metastatic,Later line,Targeted therapy,Van Cutsem et al,,"post 5FU, oxali, iri",Pani vs placebo,PFS benefit (crossover limited OS),In re-analysis benefit limited to KRAS wt,,,,,,Colorectal Cancer!77,
Colorectal Cancer,,Metastatic,Later line,Targeted therapy,EPIC,,"post 5FU, oxali, iri; not RAS selected",Irinotecan +/- cetuximab,PFS 4 vs 2.6 months,More activity of combination cetux with iri but more toxicity,,,,,,Colorectal Cancer!78,
Colorectal Cancer,,Metastatic,Later line,Targeted therapy,BEACON,,BRAF mut; RAS wt; ≥1 therapy;,Cetux+encorafenib+/-binimetinib vs cetux+irinotecan/FOLFIRI,OS 9 vs 5.4 months favouring targeted therapy; in follow up doublet vs triplet targeted regimen not statistically significantly different but still numerically different,Doublet encorafenib+cetuximab preferred for most patients; note that 15-25% of BRAF mut patients have MSI-H and should be considered for CPIs as first line,,,,,,Colorectal Cancer!79,
Colorectal Cancer,,Metastatic,Later line,Targeted therapy,BREAKWATER,,"BRAF mut, 1st line, 3 arm trial; primary endpoint PFS",Cetuximab-encorafenib +/- FOLFOX or FOLFIRI vs investigators choice chemo+/-bev,"PFS 12 vs 7 mos, hr 0.53; OS 30 vs 15 mos; ORR 61 vs 40%",FDA approved and recommended as front line therapy,,,,,,Colorectal Cancer!80,
Colorectal Cancer,,Metastatic,Later line,Targeted therapy,CORRECT,,Late line,Regorafenib vs placebo,OS 6.4 vs 5 mos (HR 0.77),Low PR; more disease control,,,,,,Colorectal Cancer!81,
Colorectal Cancer,,Metastatic,Later line,Targeted therapy,CONCUR,,"late line, asian",Regorafenib vs placebo,OS 8.8 vs 6.3 mos,,,,,,,Colorectal Cancer!82,
Colorectal Cancer,,Metastatic,Later line,Targeted therapy,DESTINY-CRC01,,"≥2 prior lines; Cohort A: HER2 3+ or 2+/ISH+

Cohort B: HER2 2+/FISH- and IHC 1+",Tras-derux,"Cohort A: ORR 45%; DCR 83%; PFS 6.9 mos; OS 16 mos; 10% ILD, 2 fatal

Cohort B/C: PFS 2.1/1.4 mos, OS 7/8 mos",,,,,,,Colorectal Cancer!83,
Colorectal Cancer,,Metastatic,Later line,Targeted therapy,HERACLES,Phase 2,KRAS exon 2 wt; HER2 positive,Tras+lap,ORR 30% (and disease stability in additional44% of patients,,,,,,,Colorectal Cancer!84,
Colorectal Cancer,,Metastatic,Later line,Targeted therapy,MOUNTAINEER,Phase 2,HER2 amplified and RAS wt mCRC,trastuzumab+tucatinib,"ORR 38%, PFS 8 mos, OS 24 mos",FDA approved,,,,,,Colorectal Cancer!85,
Colorectal Cancer,,Metastatic,Later line,Targeted therapy,MOUNTAINEER-02,Phase 3,first line mCRC HER2 amplified and RAS wt mCRC,FOLFOX+/- tras-tucatinib,Ongoing,,,,,,,Colorectal Cancer!86,
Colorectal Cancer,,Metastatic,Later line,Targeted therapy,MyPATHWAY,Phase 2,Treatment-refractory HER2-amplified mCRC; n=57,Tras+Pert,ORR 32% (20-45),Although in TAPUR only 14% ORR; DCR 50%,ORR 32% (95% CI 20-45),30857956,,,,Colorectal Cancer!87,
Colorectal Cancer,,Metastatic,Later line,Targeted therapy,KRYSTAL-1,Phase 1/2,"Heavily pretreated KRAS G12C-mutant mCRC; n=44 monotherapy, 32 combination",Adagrasib+/-cetuximab,"ORR 19% mono vs 46% with cetuximab; combination DOR 7.6 mo, PFS 6.9 mo; monotherapy PFS 5.6 mo",,ORR 19% (95% CI 8-33) monotherapy; 46% (95% CI 28-66) with cetuximab,36546659,,,,Colorectal Cancer!88,
Colorectal Cancer,,Metastatic,Later line,Targeted therapy,KRYSTAL-10,Phase 3,2nd line CRC; KRAS G12C,Adagrasib+cetuximab vs chemotherapy,Ongoing,,,,,,,Colorectal Cancer!89,
Colorectal Cancer,,Metastatic,Later line,Targeted therapy,CODEBREAK-101,Phase 2,Phase 2 (26 patients),Sotorasib+panitumumab,ORR 33%,,,,,,,Colorectal Cancer!90,
Colorectal Cancer,,Metastatic,Later line,Targeted therapy,CODEBREAK-300,Phase 3,kras g12c,Sotorasib+panitumumab (960mg or 240 mg) Vs rego or lonsurf,PFS 5.6 and 3.9 mos vs 2.2 mos; OS NS;,,,,,,,Colorectal Cancer!91,
Colorectal Cancer,,Metastatic,Later line,Targeted therapy,FRESCO-2,Phase 3,refractory mCRC,Fruquintinib vs placebo,"OS HR 0.66, PFS HR 0.32",,,,,,,Colorectal Cancer!92,
Endometrial and Cervical Cancer,Endometrial,Metastatic,,,GOG 209,Phase 3,noninferiority design; treatment naive stage III; IV; recurrent endomet ca,cisplatin-doxorubicin-paclitaxel (TAP) vs carbo-taxol,ORR NS (51%); PFS NS (13 mos); OS NS (37 vs 40 mos),Established carbo-taxol as standard first line,,,,,https://ascopubs.org/doi/full/10.1200/JCO.20.01076,Endometrial and Cervical Cancer!10,
Endometrial and Cervical Cancer,Endometrial,Metastatic,,,NRG-GY018,,Stage III/IVA/IVB up front or recurrent endometrial cancer,carbo-taxol +/- pembrolizumab,"dMMR 12 mo PFS 74 vs 38%, HR 0.30; 
pMMR PFS 13 vs 9 mos, HR 0.54)",,,,,,,Endometrial and Cervical Cancer!11,
Endometrial and Cervical Cancer,Endometrial,Metastatic,,,RUBY,,Advanced or recurrent endometrial cancer,carbo-taxol +/- dostarlimab,"dMMR 24 mo PFS 61 vs 16%, HR 0.28; 
Overall pop 24 mo PFS 36 vs 18%, HR 0.64; 24 mo OS 71 vs 56%, HR 0.64;",,,,,,,Endometrial and Cervical Cancer!12,
Endometrial and Cervical Cancer,Endometrial,Metastatic,,,LEAP-001,,"Metastatic endometrial, 1st line",Pembro-lenvatinib vs carbo-taxol,Enrolling,,,,,,,Endometrial and Cervical Cancer!13,
Endometrial and Cervical Cancer,Endometrial,Metastatic,,,Fader,,HER2+ endometrial ca,carbo-taxol +/- herceptin,"PFS 12.6 vs 8 mos, HR 0.44; in first line patients PFS was 18 vs 9 mos; in recurrent patients PFS 9 vs 6 mos",,,,,,,Endometrial and Cervical Cancer!14,
Endometrial and Cervical Cancer,Endometrial,Metastatic,,,Study 111/KEYNOTE-146,,"metastatic endometrial cancer, not dMMR/MSI-H",Pembrolizumab-lenvatinib,"ORR 36%, CR 2%, 6 mo DOR ≥ 85% in responders; 4 fatal AEs; HTN, fatigue, diarrhea were common",,,,,,https://ascopubs.org/doi/full/10.1200/JCO.19.02627,Endometrial and Cervical Cancer!15,
Endometrial and Cervical Cancer,Endometrial,Metastatic,,,KEYNOTE-185,Phase 2,Metastatic endometrial cancer; dMMR; >1 line,Pembrolizumab,ORR 48%; DOR NR; PFS 13 mos; OS NR,,,,,,,Endometrial and Cervical Cancer!16,
Endometrial and Cervical Cancer,Endometrial,Metastatic,,,keynote 775/ study 309,,"Metastatic endometrial, >=1 prior line",Pembrolizumab-lenvatinib vs physicians choice (doxorubicin or taxol),"For pMMR population: PFS 6.6 vs 3.8 mos, HR 0.6; OS 17 vs 12 mos, HR 0.68)",,,,,,,Endometrial and Cervical Cancer!17,
Endometrial and Cervical Cancer,Endometrial,Metastatic,,,ENGOT EN3 PALEO,Phase 2,Prev treated EC; ER+,Letrozole+/- palbociclib,"PFS 8 vs 3 mos, HR 0.56",,,,,,,Endometrial and Cervical Cancer!18,
Endometrial and Cervical Cancer,Endometrial,Metastatic,,,Konstantinopoulos,Phase 2,Prev treated EC; ER+,Letrozole/abema,"ORR 30% (all in endometrioid), PFS 9 mos, DOR 7 mos",,,,,,,Endometrial and Cervical Cancer!19,
Endometrial and Cervical Cancer,Cervical,,,,OUTBACK,,Locally advanced cervical cancer treatable with curative intent,Chemoradiation +/- adjuvant chemo,5 year OS NS,,,,,,,Endometrial and Cervical Cancer!22,
Endometrial and Cervical Cancer,Cervical,,,,GOG 240,,"Metastatic, persistent or recurrent cervical carcinoma; chemo randomized to cis-taxol or taxol-topotecan with or without bev",Chemo+/-bev,"OS 17 vs 13 mos, HR 0.77; PFS 8 vs 6 mos, HR 0.68; ORR 49 vs 36%;

better PFS in cis-taxol than tax-topo",,,,,,,Endometrial and Cervical Cancer!23,
Endometrial and Cervical Cancer,Cervical,,,,GOG 204,,Metastatic/advanced cervical cancer,Cis-taxol vs cis-vin or cis-gem or cis-topo,ORR similar; less thrombocytopenia with taxol arm; less feb neut with gem arm,,,,,,,Endometrial and Cervical Cancer!24,
Endometrial and Cervical Cancer,Cervical,,,,KEYNOTE-158,Phase 2,Phase 2 basket study; cervical cancer subgroup,Pembrolizumab,ORR 12% (all in PDL1+ patients)M. mDOR not reached;,,,,,,,Endometrial and Cervical Cancer!25,
Endometrial and Cervical Cancer,Cervical,,,,KEYNOTE 826,,1st line metastatic cervical cancer,Cis-taxol (with or without bev) +/-pembrolizumab,PFS 10.4 vs 8.2 mos (HR 0.62); similar in PDL>1 and PDL1>10; 24 mo OS 53 vs 42% (0.64),,,,,,,Endometrial and Cervical Cancer!26,
Endometrial and Cervical Cancer,Cervical,,,,InnovaTV 204,,basket including cervical cancer,Tisotumab vedotin,ORR 24%; DOR 4.2 mos; 6 mo PFS 29%;,ADC targeting tissue factor,,,,,,Endometrial and Cervical Cancer!27,
Endometrial and Cervical Cancer,Cervical,,,,ENGOT-Cx8/GOG-3024/innovaTV 205,,No previous therapy or post 1-3 lines,Carbo+tiso-vedotin if 1st line; tiso+pembro if ≥1 line,55% response in 1st line and 38% response in >1st line,,,,,,,Endometrial and Cervical Cancer!28,
Endometrial and Cervical Cancer,Cervical,,,,EMPOWER-cervical,,2nd line cervical cancer,Cemiplimab vs single agent chemo,"OS 12 vs 8.5 mos, HR 0.69;",Both PDL1 positive and negative saw benefit,,,,,,Endometrial and Cervical Cancer!29,
Endometrial and Cervical Cancer,Cervical,,,,O’Malley (abstract),,2nd line cervical cancer,Balstilimab/zalifrelimab,"ORR 22%, CR 6%",PD1/CTLA4,,,,,,Endometrial and Cervical Cancer!30,
Gastric Cancer,,Neoadjuvant/adjuvant,,,MAGIC,,Resectable gastric and EGJ adenoca; ≥T2,Periop chemo (ECF) vs surgery alone,OS HR 0.75; PFS HR 0.66; 5 year OS 36 vs 23%,,,,,,,Gastric Cancer!4,
Gastric Cancer,,Neoadjuvant/adjuvant,,,FLOT4-AIO,,Resectable gastric or GEJ adenoca,FLOT vs ECF/EFX,"OS median 50 vs 35 mos, HR 0.77;",,,,,,,Gastric Cancer!6,
Gastric Cancer,,Neoadjuvant/adjuvant,,,RAMSES,Phase 2,Gastric or GEJ adenoca,FLOT +/- Ramucirumab (phase 2),higher R0 (97 vs 83%) but similar path CR,,,,,,,Gastric Cancer!7,
Gastric Cancer,,Neoadjuvant/adjuvant,,,CLASSIC,,"Gastric II, IIIA, IIIB after D2 gastrectomy",Adjuvant CAPOX vs surgery alone,"3 year DFS 74 vs 59%, HR 0.59; 5 year OS 78 vs 69%, HR 0.66",,,,,,,Gastric Cancer!8,
Gastric Cancer,,Neoadjuvant/adjuvant,,,INT 0116,,"T1-4, N0-1 gastric/GEJ after surgery (most T3/T4 or N1)",Adjuvant chemoradiation vs observation,3 year OS 50 vs 41%; 5 year OS 43 vs 28%; grade 3/4 tox in 41/32% with chemo-XRT; similar distant mets but fewer locoregional recurrences with chemo-XRT,,,,,Only 10% had D2 resection; 54% didn’t even have D1,,Gastric Cancer!9,
Gastric Cancer,,Neoadjuvant/adjuvant,,,ARTIST,,Post D2 gastrectomy,Adjuvant chemo (cis-cape) vs chemorads +chemo,3 year DFS NS overall; unplanned subset analysis node+ better 3 year; DFS 76v s 72%; OS NS,,,,,,,Gastric Cancer!10,
Gastric Cancer,,Neoadjuvant/adjuvant,,,ARTIST 2,,Stage II/III node positive post D2 gastrectomy,S1 vs S1-ox vs s1-ox+chemo-XRT,3 year DFS NS with RT vs SOX;,,,,,,,Gastric Cancer!11,
Gastric Cancer,,Neoadjuvant/adjuvant,,,CROSS,,Esophageal/GEJ potentially resectable,Surgery +/- preoperative chemo-RT (carbo/weekly taxol),"5-y OS 47 vs 33%, HR 0.67; 10-y OS 38 vs 25%, HR 0.70; R0 92 vs 65%; path CR 29% with chemo-RT (23% adeno, 39% squamous)",Rates of distant relapse not different between arms,,,,,,Gastric Cancer!12,
Gastric Cancer,,Neoadjuvant/adjuvant,,,Neo-AEGIS,Phase 3,adenoca esoph and GEJ; T2-3N0-3M0,Periop chemo (modified MAGIC or FLOT) vs CROSS CRT,3 year estimated OS 56/57% (NS),No evidence periop chemo or CROSS better one over the other although markers of response better with CROSS,,,,,,Gastric Cancer!13,
Gastric Cancer,,Neoadjuvant/adjuvant,,,POET,,stage 1-3 GEJ adenoca,Chemo vs chemo-XRT before surgery,"OS not significant (HR 0.65, p-0.055)",2017,,,,,,Gastric Cancer!14,
Gastric Cancer,,Neoadjuvant/adjuvant,,,TOPGEAR,,Gastric/GEJ,neoadjuvant ECF+/-chemoXRT ; all had post-op ECF,pCR 17% vs 8%; OS and PFS NS,No benefit to adding CRT to period chemo,,,,,,Gastric Cancer!15,
Gastric Cancer,,Neoadjuvant/adjuvant,,,CRITICS,,Stage IB-IV potentially resectable gastric ca; ≥D1 lymphadenectomy,Chemo (ECX/EOX)-surgery then post op chemo vs chemo-XRT,OS NS (40 vs 42%) at 61 mo follow up; local recurrence 15 vs 11%,Initial report didn’t stratify by neoadjuvant response so unknown whether non-responders might benefit from chemo-xrt,,,,,,Gastric Cancer!16,
Gastric Cancer,,Neoadjuvant/adjuvant,,,CRITICS-II,Phase 2,"Resectable gastric adenocarcinoma, clinical stage IB-IIIC",Neoadjuvant DOC x4 vs DOC x2 then chemo-RT vs chemo-RT alone (DOC = docetaxel/oxaliplatin/capecitabine),"Not yet reported; non-comparative phase 2 selecting an arm for phase 3, primary endpoint 1-y EFS (NCT02931890)",Protocol paper BMC Cancer 2018 (PMID 30200910); no results in PubMed as of Sept 2026,,,,,,Gastric Cancer!17,
Gastric Cancer,,Neoadjuvant/adjuvant,,,ESOPEC,Phase 3,Resectable; locally advanced esophageal or gastroesophageal junction (GEJ) adenocarcinoma (cT1cN+ or cT2–4a cNany; cM0),Periop FLOT vs neoadjuvant chemo-rads (CROSS),"OS 66 vs 37 mos, HR 0.70; 5 year OS 51 vs 39%; PFS 38 vs 16 mos, HR 0.66; pCR 16 vs 10%;",,,,,,,Gastric Cancer!18,
Gastric Cancer,,Neoadjuvant/adjuvant,,,ACTS-GC,,stage 2/3 gastric ca post D2 surgery,Adjuvant S1 vs Surgery alone,5 year oS 72 vs 61%,East Asian standard adjuvant,,,,,,Gastric Cancer!19,
Gastric Cancer,,Neoadjuvant/adjuvant,,,JACCRO GC-07,,Stage 3 gastric post D2 surgery,Adjuvant docetaxel+S1 vs S1,3 year RFS 66 vs 50% (interim),,,,,,,Gastric Cancer!20,
Gastric Cancer,,Neoadjuvant/adjuvant,,,PETRARCA,Phase 2,HER2+,FLOT+/- tras/pert,"Improved pCR, node negative but increased grade 3/4 toxicity, similar R0",Not moving forward to phase 3,,,,,,Gastric Cancer!21,
Gastric Cancer,,Neoadjuvant/adjuvant,,,Checkmate-577,,"Residual cancer after neoadjuvant chemo rads , stage 2/3 esophageal or GE junction",Nivolumab vs placebo,"DFS 22 vs 11 mos, HR 0.69; distant metastasis free survival 28 vs 18 mos (HR 0.74);",Benefit seen in PDL1 > and < 5;,,,,,,Gastric Cancer!22,
Gastric Cancer,,Neoadjuvant/adjuvant,,,GERCOR NEONIPIGA,,Locally advanced resectable dMMR cT2-4NXM) gastric/GEJ adenoma,neoadjuvant ipi-nivo then adjuvant novo,Path CR 59%,,,,,,,Gastric Cancer!23,
Gastric Cancer,,Neoadjuvant/adjuvant,,,MATTERHORN,,Resectable gastric or GEJ adenoca,FLOT +/- durvalumab,OS NR but HR 0.78; 3 year OS 69 vs 62%;,PDL1 status did not affect OS benefit,,,,,,Gastric Cancer!24,
Gastric Cancer,,Advanced,1st line,,FLAGS,Phase 3,Untreated advanced gastric/GEJ adenocarcinoma; n=1053,Cis-5FU vs cis-S1,"Primary endpoint not met: OS 8.6 vs 7.9 mo, HR 0.92 (0.80-1.05); less neutropenia, stomatitis and treatment-related death with cis-S1",,"OS 8.6 (cis-S1) vs 7.9 mo, HR 0.92 (95% CI 0.80-1.05), p=0.20",20159816,,,,Gastric Cancer!29,
Gastric Cancer,,Advanced,1st line,,REAL,,Non-inferiority study,ECF vs ECX vs EOF vs EOX,Comparable outcomes in all groups,,,,,,,Gastric Cancer!31,
Gastric Cancer,,Advanced,1st line,,CALGB 80403,Phase 2,Untreated metastatic esophageal/GEJ cancer; n=245 (222 adenocarcinoma),"ECF vs IC vs FOLFOX, all + cetuximab","ORR 61 vs 45 vs 54%; OS 11.6 vs 8.6 vs 11.8 mo; ECF and FOLFOX similar, FOLFOX better tolerated",Supports FOLFOX option,"ORR (adenocarcinoma) 60.9% ECF, 45.0% IC, 54.3% FOLFOX, all + cetuximab",27382098,,,,Gastric Cancer!32,
Gastric Cancer,,Advanced,1st line,,TAX-325,Phase 3,Untreated advanced gastric cancer; n=445,DCF vs CF,"Better TTP (32% risk reduction), OS (23% risk reduction) and ORR; 2-y OS 18 vs 9%; more diarrhea and neutropenia",,"TTP longer with DCF, 32% risk reduction, p<0.001",17075117,,,,Gastric Cancer!33,
Gastric Cancer,,Advanced,1st line,,FLOT65+,Phase 2,"Age ≥65, locally advanced or metastatic oesophagogastric adenocarcinoma; n=143","FLO vs FLOT (5-FU/LV/oxaliplatin +/- docetaxel 50 mg/m2), every 2 weeks","Grade 3-4 AEs 82 vs 39% with FLOT; QoL deterioration 48 vs 21%; ORR and PFS better with FLOT only if locally advanced or age 65-70, not metastatic or ≥70","Primary aim feasibility/tolerability; OS not different (as previously recorded - not stated in abstract); perioperative subgroup (n=44): PFS 21.1 vs 12.0 mo, p=0.09, PMID 23322206","Treatment-related grade 3-4 AEs 81.9% FLOT vs 38.6% FLO, p<0.001",23063354,,,,Gastric Cancer!34,
Gastric Cancer,,Advanced,1st line,,PRODIGE 51-FFCD-GASTFOX,Phase 3,HER2 negative advanced gastric or GEJ; 1st line,Modified FLOT (TFLOT) vs FOLFOX,"PFS 7.6 vs 6.0 mos; OS 15 vs 12.7 mos, HR 0.82; ORR 62 s 53%",,,,,,,Gastric Cancer!35,
Gastric Cancer,,Advanced,1st line,,GO2,,Frail elderly,CAPOX standard dose vs 80% dose vs 60% dose,Non-inferior cancer control with lowest doses and better QOL,,,,,,,Gastric Cancer!36,
Gastric Cancer,,Advanced,1st line,,KEYNOTE-062,,Gastric/GEJ CPS ≥1,Pembro vs cis-FU vs pembro+cis-5FU,"Pembro non-inferior to chemo for OS, less toxicity; CPS≥10 OS 17.4 vs 10.8 mo, HR 0.69; pembro+chemo not better than chemo alone, including CPS≥10","Lower RR and PFS with pembro monotherapy, so not routinely recommended",,,,,,Gastric Cancer!37,
Gastric Cancer,,Advanced,1st line,,KEYNOTE-859,,Gastric/GEJ,Chemo (cis-5FU or cape-ox) +/- pembro,"OS 13 vs 11.5 mos, HR 0.78;",PDL<1 did not seem to benefit; others did in contrast to KN-062,,,,,,Gastric Cancer!38,
Gastric Cancer,,Advanced,1st line,,KEYNOTE-590,,"Esoph/GEJ 1L, (PDL1≥10% is subgroup of interest)",Cis-5FU +/-pembro,"ESCC CPS≥10% OS 13.9 vs 8.8 mos, HR 0.57",,,,,,,Gastric Cancer!39,
Gastric Cancer,,Advanced,1st line,,Checkmate-648,,Esophageal squamous cell ca,Nivo-ipi vs nivo-chemo vs Chemo (cis-5FU),OS in PDL1 ≥ 1% 14 vs 15 vs 9 mos (HR 0.64 and 0.54 for comparisons with chemo); in all patients OS 13/13 vs 11 (HR 0.74),,,,,,,Gastric Cancer!40,
Gastric Cancer,,Advanced,1st line,,CheckMate-649,,"Gastric/GEJ/esoph 1L, (PDL1≥5% is subgroup of interest - PFS and OS in this subgroup were co-primary endpoints)",Nivo-ipi vs nivo-chemo vs Chemo,Nivo-chemo vs chemo: OS 14.4 vs 11.1 mos HR 0.71 in CPS ≥5; OS 14 vs 11 HR 0.77 in CPS≥1; OS 13.8 vs 11.6 HR 0.8 in total study; nivo-ipi did not improve outcomes,Nivo-chemo and nivo-ipi both had superior OS relative to chemo; nivo-ipi arm closed early due to safety concerns (higher dose ipi used),,,,,,Gastric Cancer!41,
Gastric Cancer,,Advanced,1st line,,ToGA,Phase 3,HER2+ (IHC 3+ or FISH+) advanced gastric/GEJ cancer; n=594,Cis+FU/cape +/-trastuzumab,"OS 13.8 vs 11.1 mo, HR 0.74 (0.60-0.91), p=0.0046; IHC3+ patients had most benefit (HR 0.66 for death)",,"OS 13.8 vs 11.1 mo, HR 0.74 (95% CI 0.60-0.91), p=0.0046",20728210,,,,Gastric Cancer!42,
Gastric Cancer,,Advanced,1st line,,KEYNOTE 811,Phase 3,metastatic HER2+ gastric/GEJ,Chemo (FP or CAPOX) +/- pembro,"PFS 10 vs 8 mos, R 0.72; PFS PDL1 >1 11 vs 7 mos, HR 0.7; ORR 74 vs 52%; CR 11 vs 3%; median DOR 11 vs 9 mos; OS 20 vs 17 mos overall and 20 vs 16 for PDL1 CPS>1",,,,,,,Gastric Cancer!43,
Gastric Cancer,,Advanced,1st line,,HORIZON-GEA-01,Phase 3,metastatic HER2+ gastric/GEJ,Zanidatamab and chemo +/- tislelizumab vs chemo + trastuzumab,OS 26 vs 19 mos;,,,,,,,Gastric Cancer!44,
Gastric Cancer,,Advanced,1st line,,JACOB,Phase 3,HER2+ metastatic gastric/GEJ cancer; n=780,Tras-Cis-FU/cape +/- pertuzumab,"Primary endpoint not met: OS 17.5 vs 14.2 mo, HR 0.84 (0.71-1.00), p=0.057; more diarrhea with pertuzumab",,"OS 17.5 vs 14.2 mo, HR 0.84 (95% CI 0.71-1.00), p=0.057",30217672,,,,Gastric Cancer!45,
Gastric Cancer,,Advanced,1st line,,FIGHT,Phase 2,HER2 neg; FGFR2b overexpressing 1st line gastric,FOLFOX+/- bemarituzumab,"PFS NS (9.5 vs 7.4 mos, p=0.07) but improved OS NR vs 12.9 mos, HR 0.58; ORR 53% vs 40%",Stomatitis and corneal AEs more common with bema,,,,,,Gastric Cancer!46,
Gastric Cancer,,Advanced,1st line,,SPOTLIGHT,Phase 3,Claudin 18.2+ GC/GEJ,FOLFOX +/- Zolbetuximab,"PFS 10.6 vs 8.7 mos, HR 0.75; OS 18 vs 15.5 mos, HR 0.75",,,,,,,Gastric Cancer!47,
Gastric Cancer,,Advanced,1st line,,GLOW,,"HER2-, CLDN18.2+ locally advanced unresectable G/GEJ Adenocarcinoma",CAPOX+/- zolbetuximab,PFS 8 vs 7 mos (HR 0.69); OS 14 vs 12 mos (HR 0.77),,,,,,,Gastric Cancer!48,
Gastric Cancer,,Advanced,1st line,,ARMANI,Phase 3,HER2-; after 3 mos CAPOX/FFOX,Continued FFOX/CAPOX or switch to ram-taxol,"PFS 7 vs 5 mos, HR 0.61; OS 12.6 vs 10.4 mos, HR 0.75; benefit mainly in those with SD rather than response",Supports early switch in patients with stable disease,,,,,,Gastric Cancer!49,
Gastric Cancer,,Advanced,1st line,,REAL 2,,Untreated advanced esophagogastric cancer; n=1002,"ECF vs ECX vs EOF vs EOX (2x2: capecitabine vs 5-FU, oxaliplatin vs cisplatin)","2x2 non-inferiority: capecitabine vs 5-FU HR 0.86 (0.80-0.99); oxaliplatin vs cisplatin HR 0.92 (0.80-1.10); median OS ECF 9.9, ECX 9.9, EOF 9.3, EOX 11.2 mo; EOX vs ECF HR 0.80, p=0.02",Supports substituting capecitabine for 5-FU and oxaliplatin for cisplatin,OS non-inferiority met for both capecitabine (HR 0.86) and oxaliplatin (HR 0.92),18172173,,,,Gastric Cancer!5,
Gastric Cancer,,Advanced,2nd and later line,,RAMIRIS,Phase 2,post fluoropyrimidine/platinum gastroesophageal adenocarcinoma,FOLFIRI-Ram vs Paclitaxel-ram,PFS/OS NS; docetaxel pretreated patients had more benefit in FOLFIRI arm,FOLFIRI-Ram an option and consider for patients with previous taxane and platinum (eg FLOT),,,,,https://ascopubs.org/doi/abs/10.1200/JCO.2020.38.15_suppl.4514,Gastric Cancer!52,
Gastric Cancer,,Advanced,2nd and later line,,KEYNOTE-181,,SCC or adenoca GEJ or esophagus 2nd line therapy; PDL1 CPS≥10 subgroup,Pembro vs taxane or iri,"OS 9.3 vs 6.7 mos, 12 mo PFS 43 vs 20% benefit in CPS≥10 but not in overall population",,,,,,,Gastric Cancer!53,
Gastric Cancer,,Advanced,2nd and later line,,ATTRACTION-2,,Gastric or EGJ post ≥2 therapies (no biomarker restriction),Nivo vs placebo,OS 5.3 vs 4.1 months; 12 month survival 27 vs 11 mos,,,,,,,Gastric Cancer!54,
Gastric Cancer,,Advanced,2nd and later line,,ATTRACTION-3,,Esoph SCC; ≥1 prior therapy (no biomarker restriction),Nivo vs taxane,"OS 10.9 vs 8.4 mos, HR 0.77, less toxicity with nivo",,,,,,,Gastric Cancer!55,
Gastric Cancer,,Advanced,2nd and later line,,ATTRACTION-4,,Gastric or GEJ; 1st line; Asian countries; not selected for PDL1,SOX/CAP-Ox +/- nivo,PFS 10.5 vs 8.3 mos HR 0.68; 1 year PFS 45 vs 31%; OS NS,,,,,,,Gastric Cancer!56,
Gastric Cancer,,Advanced,2nd and later line,,CheckMate-032,,Gastric/GEJ/esoph ≥1 prior therapy,Nivo vs nivo 1/ipi 3 vs nivo 3/ ipi 1,"12 month OS 39, 37, 24 mos",,,,,,,Gastric Cancer!57,
Gastric Cancer,,Advanced,2nd and later line,,JAVELIN Gastric 300,,≥2 lines,Avelumab vs taxol or ir,No improvement in PFS/OS,,,,,,,Gastric Cancer!58,
Gastric Cancer,,Advanced,2nd and later line,,ESCORT,,Esoph SCC ≥1 prior therapy,Camrelizumab vs chemo,OS 8.3 vs 6.2 months,Chinese population,,,,,,Gastric Cancer!59,
Gastric Cancer,,Advanced,2nd and later line,,KEYNOTE-061,,Gastric/EGJ ≥1 prior therapy; amended to restrict to CPS≥1,Pembro vs taxol,"Similar OS and PFS, better tolerance pembro; more benefit suggested for cps≥10 and MSI-H",,,,,,,Gastric Cancer!60,
Gastric Cancer,,Advanced,2nd and later line,,TAGS,,"Gastric/EGJ, heavily pretreated (≥2?)",lonsurf vs placebo,Median OS 5.7 vs 3.6 months,,,,,,,Gastric Cancer!61,
Gastric Cancer,,Advanced,2nd and later line,,REGARD,,Gastric/EGJ ≥1 prior,Ramucirumab vs placebo,Med OS 5.2 vs 3.8 mos,,,,,,,Gastric Cancer!62,
Gastric Cancer,,Advanced,2nd and later line,,RAINBOW,,Gastric/EGJ 2nd line,Taxol +/-ramucirumab,"Med OS 9.6 vs 7.4 mos, HR 0.8; PFS 4.4 vs 2.9 mos",,,,,,,Gastric Cancer!63,
Gastric Cancer,,Advanced,2nd and later line,,INTEGRATE,Phase 2,Gastric,Regorafenib vs placebo,PFS 2.6 vs 0.9 mos; trend for OS 5.8 vs 4.5 mos,Phase 3 planned,,,,,,Gastric Cancer!64,
Gastric Cancer,,Advanced,2nd and later line,,DESTINY-Gastric01,,HER2+ gastric ≥2 prior lines,tras-derux vs iri or taxol,OS 12.5 vs 8.4 mos; 10% ILD,,,,,,,Gastric Cancer!65,
Gastric Cancer,,Advanced,2nd and later line,,DESTINY-Gastric04,,HER2+ gastric or GEJ post trastuzumab,tras-derux vs ram-paclitaxel,"OS 14.7 vs 11.4 mos, HR 0.74; ORR 44 vs 29 %",,,,,,,Gastric Cancer!66,
Gastric Cancer,,Advanced,2nd and later line,,FRUTIGA,,Gastric ca post 5FU/platinum,Paclitaxel +/- Frutiga,"PFS 5.6 vs 27 mos, HR 0.59; ORR 43 vs 22%; OS NS (9 mos)",,,,,,,Gastric Cancer!67,
Gastric Cancer,,Surgery in metastatic disease,,,REGATTA,Phase 3,single non-curative metastasis,chemo+/-gastrectomy,OS NS (16 vs 14 mos - lower numerically with gastrectomy),,,,,,,Gastric Cancer!70,
Gastric Cancer,,Surgery in metastatic disease,,,RENAISSANCE,Phase 3,limited metastatic GAC,Periop FLOT+/-HER2 with or without resection of stomach and metastasis,Not yet reported; primary endpoint overall survival (NCT02578368),Design paper BMC Cancer 2017;17:893 (PMID 29282088); no results in PubMed as of Sept 2026,,,,,,Gastric Cancer!71,
Gastric Cancer,,Surgery in metastatic disease,,,SURGIGAST,Phase 3,oligometastatic GAC,Periop chemo +/- resection primary and mets,Terminated for inadequate accrual (NCT03042169); no efficacy data,,,,,,,Gastric Cancer!72,
Head and Neck,,Metastatic,,,KEYNOTE 048,Phase 3,1st line; (14 primary hypotheses); chemo=platinum-5FU,Pembro vs pembro-chemo vs cetux-chemo,"CPS≥20 OS pembro vs cetux-chemo 15 vs 11 mo, HR 0.6; CPS≥1 12 vs 10 mo, HR 0.78; pembro-chemo vs cetux-chemo 13 vs 11 mo, HR 0.77 (overall and PD-L1+)",A bit less clear if pembro monotherapy benefit in CPS≥1 driven by the ≥20 group,,,,,,Head and Neck!4,
Head and Neck,,Metastatic,,,EXTREME,Phase 3,1st line metastatic/recurrent,platinum-5FU+/-cetuximab,"OS 10 vs 7 mos, HR 0.8; PFS 5.6 vs 3.3 mos; ORR 36 vs 20%",No crossover allowed so possible sequential use of cetuximab would have produced similar OS,,,,,,Head and Neck!5,
Head and Neck,,Metastatic,,,Guigay,Phase 2,1st line; TPEx (docetaxel; platinum; cetuximab),TPEx vs EXTREME regimen,OS 14.5 vs 13.4 mos (NS; fewer severe AEs with TPEx,,,,,,,Head and Neck!6,
Head and Neck,,Metastatic,,,KEYNOTE 040,Phase 3,Recurrent HSNCC; chemo = MTX; docetaxel or cetuximab,Pembro vs chemo,"OS 8.4 vs 6.9 mos, HR 0.8; pembro better tolerated; ORR 15 vs 10% (NS); DOR 18 vs 5 mos; in subgroup analysis OS benefit significant in PDL1+ but not negative",,,,,,,Head and Neck!7,
Head and Neck,,Metastatic,,,CHECKMATE 141,Phase 3,Recurrent HSNCC; chemo = MTX; docetaxel or cetuximab,Nivo vs chemo,"OS 7.7 vs 5.1 mos, HR 0.71; OS significant in PDL1+ but not neg population",,,,,,,Head and Neck!8,
Hepatobiliary,Biliary,,,,ZSAB-neoGOLP,Phase 2,"Phase 2-3, resectable high risk intrahepatic cholangioca; all had adjuvant cape",Neoadjuvant GOLP (gem-ox+toripalimab+lenvatinib) vs Placebo,"EFS 18 vs 9 mos; 24 mo OS 79 vs 61%, HR. 0.43);",,,,,,,Hepatobiliary!5,
Hepatobiliary,Biliary,,,,BILCAP,,Adjuvant cholangio (completely resected),Cape vs placebo,"OS NS but felt “clinically meaningful” HR 0.81, OS 51 vs 36 mos",,,,,,,Hepatobiliary!6,
Hepatobiliary,Biliary,,,,ABC-02,,"1st line cholangio, GB, ampullary",Cis-gem vs gem,"OS 11.7 vs 8 mos; PFS 8 vs 5 mos,",,,,,,,Hepatobiliary!7,
Hepatobiliary,Biliary,,,,Andre,,1st line biliary,Gem-OX vs XELOX,Similar OS and PFS,,,,,,,Hepatobiliary!8,
Hepatobiliary,Biliary,,,,TOPAZ-1,Phase 3,1st line; excludes ampullary,Gem-CAIS +/- durvalumab,"OS 12.8 vs 11.5 mos, HR 0.8; 24 no OS 25 vs 10%; RR 26 vs 19%",,,,,,,Hepatobiliary!9,
Hepatobiliary,Biliary,,,,Keynote 966,Phase 3,first line,Gem-Cis+/- pembro,"OS 13 vs 11 mos, HR 0.83;",,,,,,,Hepatobiliary!10,
Hepatobiliary,Biliary,,,,HERIZON-BTC-01,,"Phase 2b, 2nd line after gemcitabine based treatment",Zanidatamab,ORR 41% with HER2 2+or 3+ cohort; 18% grade 3/4 AEs,,,,,,,Hepatobiliary!11,
Hepatobiliary,Biliary,,,,ABC-06,,2nd line after cis-gem,FOLFOX vs BSC,"OS 6.2 vs 5.3 mos, HR 0.69; 6 mo OS 61 vs 36%, 12 mo OS 26 vs 11%;",,,,,,,Hepatobiliary!12,
Hepatobiliary,Biliary,,,,NIFTY,Phase 3,2nd line,5FU/LV+/-Nal-iri,"PFS 7 vs 1.4 mos, Hr0.56; OS 8.6 vs 5.5 mos, HR 0.68",,,,,,,Hepatobiliary!13,
Hepatobiliary,Biliary,,,,REACHIN,,2nd iine after gem baed regimen,Regorafenib vs BSC,"PFS 3 vs 1.5 mos, similar OS",Can consider 3rd line given lackluster results,,,,,,Hepatobiliary!14,
Hepatobiliary,Biliary,,,,FIGHT-202,,FGFR2 fusion positive cholangiocarcinoma,Pemigatinib,ORR 36%; DCR 88%; DOR 7.5 mosm,FIGHT 302 will be in first line pemigatinib vs cis-gem,,,,,,Hepatobiliary!15,
Hepatobiliary,Biliary,,,,Kim et al,Phase 2,Advanced refractory biliary; pMMR,Nivo,9/10 responders overexpressed PDL1,Pembro seems not to have activity in biliary cancer,,,,,,Hepatobiliary!16,
Hepatobiliary,Biliary,,,,ClarIDHy,,Advanced progressive cholangio with IDH1 mutation,Ivosidenib vs placebo,"PFS 2.7 mos, OS NS but trend better (10.3 vs 7.5 mos) and ?affected by x-over",,,,,,,Hepatobiliary!17,
Hepatobiliary,Biliary,,,,FOENIX-CCA2,Phase 2,FGFR mutant intrahepatic cholangiocarcinomas; single arm phase 2,Futibatinib,"RR 42%; PFS 9 mos; DOR 10 mos, OS 22 mos; AEs include hyperphosphatemia, alopecia, dry mouth",,,,,Taiho,,Hepatobiliary!18,
Hepatobiliary,Biliary,,,,HERB,Phase 2,multicenter phase 2; 2nd line after gem based treatment (HER2+ and HER2 low arms),TDXd,"HER2+ - ORR 36%; mDOR 7 mos; mPFS 5 mos; mOS 7 mos; high rates ILD 25%, G≥3 13%",,,,,,,Hepatobiliary!19,
Hepatobiliary,HCC,Early,,,Li,,Large (>7cm) unresectable HCC without macrovascular invasion,FOLFOX-HAIC vs TCE,"OS 23 vs 16 mos, HR 0.58). More serious AEs with TACE (30 vs 19%)",Asian popn so predominant hep B; technical challenges of HAIC; (both limiting factors for generalizability),,,,,,Hepatobiliary!23,
Hepatobiliary,HCC,Early,,,IMBrave050,,"Adjuvant, high risk for recurrence",Atezo-bev vs observation,RFS HR 0.72 on initial report but 0.90 NS with followup up. OS NS,,,,,,,Hepatobiliary!24,
Hepatobiliary,HCC,Advanced,,,SHARP,Phase 3,"Phase 3 unresectable HCC, 1st line",Sorafenib vs placebo,OS 10.7 vs 7.9 mos; PFS 5.5 vs 2.8 mos; ORR 2% (PRs);,Main AEs diarrhea and hand-foot; CP-B >7 not good candidates for sorafenib,,,,,,Hepatobiliary!26,
Hepatobiliary,HCC,Advanced,,,REFLECT,Phase 3,"Phase 3 unresectable HCC, 1st line; non-inferiority",Lenvatinib vs sorafenib,"OS 13.6 vs 12.3 mos, HR 0.92; ORR 24 vs 9%; TTP 7.4 vs 3.7 mos, HR 0.66","More grade ≥3 HTN, less hand foor and alopecia; lenvatinib only in CP A",,,,,,Hepatobiliary!27,
Hepatobiliary,HCC,Advanced,,,LEAP-002,Phase 3,first line,Lenvatinib +/- pembrolizumab,OS NS (21 vs 19 mos),,,,,,,Hepatobiliary!28,
Hepatobiliary,HCC,Advanced,,,IMbrave150,Phase 3,"Phase 3 unresectable HCC, 1st line",Atezo-bev vs sorafenib,"OS 19 vs 13 mos, HR 0.66; 12 mo OS 67 vs 55%, HR 0.58; PFS 6.8 vs 4.3 mos; ORR 27 vs 12%; ≥grade 3 AEs similar",,,,,,,Hepatobiliary!29,
Hepatobiliary,HCC,Advanced,,,COSMIC-312,Phase 3,"Phase 3 unresectable HCC, 1st line",Cabo-atezo vs sorafenib,"PFS 7 vs 4 mos, HR 0.63; interim OS NS",,,,,,,Hepatobiliary!30,
Hepatobiliary,HCC,Advanced,,,LAUNCH,Phase 3,first line advanced HCC,Lenvatinib +/- TACE,Improved OS with inclusion of TACE,"Mainly in China, mostly hepatitis B",,,,,,Hepatobiliary!31,
Hepatobiliary,HCC,Advanced,,,CheckMate 459,Phase 3,"Phase 3 unresectable HCC, 1st line",Nivolumab vs sorafenib,ORR 15 vs 7%; PFS NS (3.7 mos); OS NS (16/15 mos),,,,,,,Hepatobiliary!32,
Hepatobiliary,HCC,Advanced,,,HIMALAYA,Phase 3,"Phase 3 unresectable HCC, 1st line",Durva vs Durva-tremi (STRIDE) vs sorafenib,"OS 16.4 vs 13.8 mos, HR 0.78); 48 month OS rate 25% vs 15% for durva/tremi vs sorafenib (OS HR 0.78);",,,,,,,Hepatobiliary!33,
Hepatobiliary,HCC,Advanced,,,Checkmate-9DW,Phase 3,"Phase 3 unresectable HCC, 1st line",Nivo/Ipi vs Sorafenib/Lenvatinib,"OS 23.7 vs 20.6 mos, HR 0.79; ORR 36 vs 13%; DOR 30 vs 13 mos;",,,,,,,Hepatobiliary!34,
Hepatobiliary,HCC,Advanced,,,CheckMate 040,Phase 1/2,CP A or B7 HCC; post sorafenib,Nivolumab,"ORR 15-20%, SD in 50%; DOR 9-17 mos; OS 15 mos",,,,,,,Hepatobiliary!35,
Hepatobiliary,HCC,Advanced,,,CheckMate 040,Phase 1/2,CP A or B7 HCC; post sorafenib,Nivo/Ipi,ORR 31%; DOR 17 mos; immune mediated hepatitis in 10%;,Preferred to use combination over monotherapy in 2nd line in CP-A,,,,,,Hepatobiliary!36,
Hepatobiliary,HCC,Advanced,,,Keynote-240,Phase 3,CP A; post sorafenib,Pembro vs BSC,"OS NS (13.9 vs 10.6= mos, HR 0.78); PFS NS (3 mos); ORR 18 vs 4.4%; DOR 13.8 mos",,,,,,,Hepatobiliary!37,
Hepatobiliary,HCC,Advanced,,,KEYNOTE-394,Phase 3,CP A; post sorafenib; in Asia,Pembro vs BSC,"OS 15 vs 13 mos, HR 0.79; ORR 13 vs 1%;",Differences in baseline factors c/w KN240 (eg: Hep B infection much more common) may be responsible for difference in outcome although degree of benefit numerically similar,,,,,,Hepatobiliary!38,
Hepatobiliary,HCC,Advanced,,,RESORCE,,"Post sorafenib, CP-A",regorafenib vs placebo,"OS 10.6 vs 7.8 mos, HR 0.63; ORR 11 vs 4%l DCR 65 vs 36%;","HTN, hand foot, fatigue, diarrhea",,,,,,Hepatobiliary!39,
Hepatobiliary,HCC,Advanced,,,CELESTIAL,,"Post sorafenib, CP-A",Cabozantinib vs placebo,OS 10.2 vs 8 mos;,"hand foor, HTN, fatigue, diarrhea, liver enzymes",,,,,,Hepatobiliary!40,
Hepatobiliary,HCC,Advanced,,,REACH-2,,"post sorafenib, CP-A, AFP>400",Ramucirumab vs placebo,"OS 8.5 vs 7.3 mos, HR 0.71; ORR 5 vs 1%; DCR 60 vs 39%;",,,,,,,Hepatobiliary!41,
Hepatobiliary,HCC,Advanced,,,COSMIC 312,Phase 3,"Untreated advanced HCC, Child-Pugh A; n=837",Cabozantinib + atezolizumab vs sorafenib (vs cabozantinib alone),"PFS 6.8 vs 4.2 mo, HR 0.63 (99% CI 0.44-0.91); interim OS 15.4 vs 15.5 mo, HR 0.90, NS",,"PFS 6.8 vs 4.2 mo, HR 0.63 (99% CI 0.44-0.91), p=0.0012; OS HR 0.90 (96% CI 0.69-1.18), NS",35798016,,,,Hepatobiliary!42,
Hepatobiliary,Pancreatic,,,,PREOPANC,,Potentially or borderline resectable pancreatic ca,OR->gem vs chemorads (gem based)->OR->gem,"RO 71vs 40%; OS 16 vs 14 mos, HR 0.73; more grade≥3 tox (52 vs 41%)

3 and 5 year OS improved: 28 vs 17% and 21 vs 7%",Better R0 with chemoradiation and improved long term OS,,,,,,Hepatobiliary!45,
Hepatobiliary,Pancreatic,,,,SWOG S1505,,Neoadjuvant potentially resectable pancreatic ca,FOLFIRINOX vs gem-abraxane,Higher CR/major path response and OS with gem/abr but neither met pre-specified endpoint of 2 year 58% OS,,,,,,,Hepatobiliary!46,
Hepatobiliary,Pancreatic,,,,PACT-21 Cassandra,,Neoadjuvant potentially resectable pancreatic ca,PAXG vs FOLFIRINOX,"EFS 16 vs 10 mos, HR 0.63; g 3 AEs similar approx 65%",,,,,,,Hepatobiliary!47,
Hepatobiliary,Pancreatic,,,,A021501,Phase 2,neoadjuvant phase 2 borderline resectable,FOLFIRINOX +/- SBRT (neoadjuvant),Lower rate of pancreatectomy in radiation arm; 18 month OS 66% vs 47%; median OS 30 vs 17 months,FOLFIRINOX without XRT is now the standard for neoadjuvant treatment,,,,,,Hepatobiliary!48,
Hepatobiliary,Pancreatic,,,,PRODIGE-24,,R0/R1 resection adjuvant,FOLFIRINOX vs gem,"DFS 21.6 vs 12.8 mos, HR 0.58; OS 54.4 vs 35 mos; 5 year DFS 21 vs 19%; 5 year OS 43 vs 31%",,,,,,,Hepatobiliary!49,
Hepatobiliary,Pancreatic,,,,APACT,,R0/R1 resection adjuvant,Gem +/-abraxane,DFS NS by independent review (although seemed to be positive by investigator assessed) - more follow up needed,,,,,,,Hepatobiliary!50,
Hepatobiliary,Pancreatic,,,,CONKO-001,,R0/R1 resection adjuvant,Gem vs obs,5 year OS 21 vs 10%,,,,,,,Hepatobiliary!51,
Hepatobiliary,Pancreatic,,,,ESPAC-3,,R0/R1 resection adjuvant,Gem vs FU/LV,OS NS; more toxicity with FU/LV,,,,,,,Hepatobiliary!52,
Hepatobiliary,Pancreatic,,,,ESPAC-4,,R0/R1 resection adjuvant,Gem+/-cape,"OS 30 vs28 mos, HR 0.81; 5 year OS 28 vs 17%",,,,,,,Hepatobiliary!53,
Hepatobiliary,Pancreatic,,,,ESPAC-5F,Phase 2,borderline resectable; comparison neoadjuvant regimens; all patients received adjuvant,OR vs gem-cap vs Folfirinox vs chemorads,"R0 with neoadjuvant tx 23 vs 15%; 12 mo OS 77 vs 42%, HR 0.28 (preliminary data asco 2020); highest 12 mo survival was with FOLFIRINOX->gemcap->CRT",,,,,,,Hepatobiliary!54,
Hepatobiliary,Pancreatic,,,,APOLLO,Phase 2,after curative intent therapy (resection with 3-6 months chemo); BRCA1/2 or PALB2,Olaparib vs placebo,Ongoing,,,,,,,Hepatobiliary!55,
Hepatobiliary,Pancreatic,,,,PRODIGE29 / NEOPAN,,Locally advanced pancreatic cancer,FOLFIRINOX vs gem,"PFS 9.7 vs 7.7 mos, HR 0.7; OS NS ~15.5 mos",,,,,,,Hepatobiliary!56,
Hepatobiliary,Pancreatic,,,,PANOVA-3,Phase 3,Locally advanced pancreatic cancer,Gem-abraxane +/- TTFields,"OS 16 vs 14 mos, HR 0.82; PFS and ORR NS",,,,,,,Hepatobiliary!57,
Hepatobiliary,Pancreatic,Metastatic,,,Cochrane meta-analysis,,8 RCTs from 1974-2001,Chemo (5-FU based) vs obs,1 year mortality reduced by 73%,,,,,,,Hepatobiliary!60,
Hepatobiliary,Pancreatic,Metastatic,,,Burris et al,,Advanced panc ca,Gem vs 5-FU,Clinical benefit response in 24 vs 5%; OS 5.6 vs 4.4 mos; 1 year survival 18 vs 2%;,Approved because of apparent QOL benefit even though a formal QOL tool wasn’t used,,,,,,Hepatobiliary!61,
Hepatobiliary,Pancreatic,Metastatic,,,ACCORD11,,"1st line met panc ca, ECOG 0-1, bili <1.5 ULN",FOLFIRINOX vs gem,OS 11.1 vs 6.8 mosl PFS 6.4 vss 3.3 mos; ORR 32 vs 9%,,,,,,,Hepatobiliary!62,
Hepatobiliary,Pancreatic,Metastatic,,,PRODIGE 35-PANOPTIMOX,Phase 2,Untreated metastatic pancreatic cancer; n=276,FOLFIRINOX 6 mo vs 4 mo then 5FU/LV maintenance vs gemcitabine alternating with FOLFIRI,6-mo PFS 47 vs 43 vs 34%; OS 10.1 vs 11.2 vs 7.3 mo; grade 3-4 neurotoxicity 10 vs 20% (higher with maintenance),"Maintenance after 4 mo of FOLFIRINOX feasible; often cited to support stopping oxaliplatin after 4 mo, but severe neurotoxicity was higher in the maintenance arm (higher cumulative oxaliplatin dose); median duration of 5FU maintenance 4.5 mo",6-mo PFS 47.1% (FOLFIRINOX 6 mo) vs 42.9% (maintenance) vs 34.1% (sequential),34288696,,,,Hepatobiliary!63,
Hepatobiliary,Pancreatic,Metastatic,,,MPACT,Phase 3,1st line,Gem+/-abraxane,OS 8.5 vs 6.7 mos; PFS 5.5 vs 3.7 mos; ORR 23 vs 7%;,,,,,,,Hepatobiliary!64,
Hepatobiliary,Pancreatic,Metastatic,,,POLO,,1st line gBRCAmut metastatic panc ca after 16 weeks platinum based chemo,Olaparib vs placebo,"PFS 7.4 vs 3.8 mos, HR 0.53; DOR 24.9 vs 3.7 mos; ORR 23 vs 10%; 2 year PFS 22 vs 10%; OS NS (19 mos); 36 mo OS 34 vs 18%",Trial underpowered to detect OS benefit,,,,,,Hepatobiliary!65,
Hepatobiliary,Pancreatic,Metastatic,,,RUPANC2,Phase 2,Phase 2 gBRCA or gPALB2 after ≥16 weeks platinum based chemo,Maintenance rucaparib,"PFS 13 mos, OS 23.5 mos; ORR 42% including 3 CRs",,,,,,,Hepatobiliary!66,
Hepatobiliary,Pancreatic,Metastatic,,,CCTG PA.7,,1st line,Gem-Abr+/-durva-tremi,PFS and OS NS,,,,,,,Hepatobiliary!67,
Hepatobiliary,Pancreatic,Metastatic,,,NOTABLE,,1st line locally advanced or metastatic RAS wt,Gem +/- nimotuzumab,"OS 11 vs 8.5 mos, HR 0.50; PFS 4 vs 3.6 mos; ORR NS","Nimotuzumab = anti-EGFR mAb
RAS wt is rare in pancreatic cancer",,,,,,Hepatobiliary!68,
Hepatobiliary,Pancreatic,Metastatic,,,NAPOLI-3,,1st line,Nap-iri/5FU/oxaliplatin (NALIRIFOX) vs gem/abraxane,"OS 11 vs 9 mos, HR 0.84; PFS 7.4 vs 5.6 mos, HR 0.7; ORR 42 vs 36%",,,,,,,Hepatobiliary!69,
Hepatobiliary,Pancreatic,Metastatic,2nd line,,CONKO-003,,Gem refractory panc ca,FOLFOX vs BSC,OS 4.8 vs 2.3 mos (but stopped prematurely due to poor accrual),,,,,,,Hepatobiliary!72,
Hepatobiliary,Pancreatic,Metastatic,2nd line,,PANCREOX,,Gem refractory panc ca,FOLFOX6 vs 5FU/LV,PFS NS; OS worse with FOLFOX (6 vs 9.9 mos),,,,,,,Hepatobiliary!73,
Hepatobiliary,Pancreatic,Metastatic,2nd line,,NAPOLI-1,,Gem refractory met panc ca,FU/LV with Liposomal irinotecan vs lipo iri vs FU/LV,"Combination arm: OS 6.1 v 4.2 mos, HR 0.67; PFS 3.1 vs 1.5 mos; ORR 16 vs 1%; lipo-iri monotherapy NS relative to FU/LV but was more toxic",,,,,,,Hepatobiliary!74,
Hepatobiliary,Pancreatic,Metastatic,2nd line,,AGEO,Phase 2,Phase 2 after FOLFIRINOX failure,Gem-abraxane,"OS 8.8 mosl DCR 58%; ORR 17.5%, PFS 5.1 os",,,,,,,Hepatobiliary!75,
Hepatobiliary,Pancreatic,Metastatic,2nd line,,GEMPAX,Phase 3,2nd line after FOLFIRINOX failure,Gem +/- paclitaxel,"OS NS (6 mos); PFS 3 vs 2 mos, HR 0.64, ORR 19 v 5%",Some confounding factors may have prevented OS benefit per authors,,,,,,Hepatobiliary!76,
Hepatobiliary,Pancreatic,Metastatic,2nd line,,CODEBREAK 100,Phase 1/2,KRASG12C mutated pancreatic cancer,Sotorasib,"ORR 21%, PFS 4 months,",KRAS G12C is in 1-2% of pancreatic cancer,,,,,,Hepatobiliary!77,
Kidney Cancer,,Adjuvant,,,S-TRAC,Phase 3,Locoregional high-risk clear cell RCC after nephrectomy; n=615,Sunitinib 1 y vs placebo,"DFS 6.8 vs 5.6 y, HR 0.76 (0.59-0.98), p=0.03; OS NS at update, HR 0.92 (0.66-1.28); grade 3 AEs 48.4 vs 15.8%",Updated OS: PMID 28967554. ASSURE found no DFS benefit with adjuvant sunitinib or sorafenib,"DFS 6.8 vs 5.6 y, HR 0.76 (95% CI 0.59-0.98), p=0.03",27718781,,,,Kidney Cancer!4,
Kidney Cancer,,Adjuvant,,,ASSURE (E2805),Phase 3,"Resected non-metastatic RCC, high-grade pT1b or greater; n=1943","Sunitinib vs sorafenib vs placebo, 54 weeks","Primary endpoint not met: median DFS 5.8 vs 6.1 vs 6.6 y; sunitinib HR 1.02 (0.85-1.23), sorafenib HR 0.97 (0.80-1.17)",High toxicity-related discontinuation; starting doses were reduced mid-trial,"Sunitinib DFS HR 1.02 (97.5% CI 0.85-1.23), p=0.80; sorafenib HR 0.97 (97.5% CI 0.80-1.17), p=0.72",26969090,,,,Kidney Cancer!5,
Kidney Cancer,,Adjuvant,,,EVEREST,Phase 3,"Resected intermediate-high or very-high-risk RCC, within 12 weeks of nephrectomy; n=1545",Everolimus 1 y vs placebo,"Primary endpoint not met: 5-y RFS 67 vs 63%, HR 0.85 (0.72-1.00), p=0.051; very-high-risk RFS HR 0.79; OS similar",Grade ≥3 AEs 46 vs 11%,"RFS HR 0.85 (95% CI 0.72-1.00), p=0.051 (significance threshold 0.044)",37524096,,,,Kidney Cancer!6,
Kidney Cancer,,Adjuvant,,,KEYNOTE-564,Phase 3,Clear cell RCC at increased risk of recurrence after nephrectomy (T2G4 or sarcomatoid; T3/T4; N+; or M1 NED ≤1 y from nephrectomy); no prior systemic; n=994,"Pembro vs placebo, up to 1 y","At 5-y minimum follow-up: DFS HR 0.71 (0.59-0.86), 5-y DFS 60.9 vs 52.2%; OS HR 0.66 (0.48-0.90), 5-y OS 87.7 vs 82.3%; grade 3+ AEs 32.4 vs 17.7%","OS significant at 3rd interim, HR 0.62 (PMID 38631003); 5-y update PMID 42648402. Other adjuvant studies negative including CM 914 (ipi-nivo) and studies of atezolizumab","DFS HR 0.68 (95% CI 0.53-0.87), p=0.002; 24-mo DFS 77.3 vs 68.1%",34407342,,,,Kidney Cancer!7,
Kidney Cancer,,Adjuvant,,,LITESPARK-022,Phase 3,Clear cell RCC at increased risk of recurrence after nephrectomy; n=1841,"Pembro + belzutifan vs pembro + placebo, up to 1 y","DFS HR 0.72 (0.59-0.87), p<0.001; 24-mo DFS 80.7 vs 73.7%; OS NS at interim, HR 0.78 (0.51-1.19); grade 3+ AEs 52.1 vs 30.2%",Median follow-up 28 mo; OS immature (29% of final events),"DFS HR 0.72 (95% CI 0.59-0.87), two-sided p<0.001",42384869,,,,Kidney Cancer!8,
Kidney Cancer,,Advanced,,,Motzer,Phase 3,Untreated metastatic clear cell RCC; n=750,Sunitinib vs IFN-α,"PFS 11 vs 5 mo, HR 0.42 (0.32-0.54), p<0.001; ORR 31 vs 6%; final OS 26 vs 22 mo, HR 0.82 (0.67-1.00), p=0.051",OS confounded by crossover: 33% of IFN patients later received sunitinib. Final OS: PMID 19487381,"PFS 11 vs 5 mo, HR 0.42 (95% CI 0.32-0.54), p<0.001",17215529,,,,Kidney Cancer!13,
Kidney Cancer,,Advanced,,,COMPARZ,Phase 3,Untreated metastatic clear cell RCC; n=1110,Pazopanib vs sunitinib,"Pazopanib noninferior: PFS HR 1.05 (0.90-1.22); OS HR 0.91 (0.76-1.08); less fatigue, hand-foot syndrome and thrombocytopenia with pazopanib; QoL favoured pazopanib",More ALT elevation with pazopanib (60 vs 43%),"PFS HR 1.05 (95% CI 0.90-1.22), noninferiority margin met (upper bound <1.25)",23964934,,,,Kidney Cancer!14,
Kidney Cancer,,Advanced,,,METEOR,Phase 3,Advanced clear cell RCC progressing after ≥1 VEGFR TKI; n=658,Cabozantinib vs everolimus,"OS 21 vs 17 mo, HR 0.66 (0.53-0.83); PFS 7 vs 4 mo, HR 0.58 (0.45-0.75); ORR 21 vs 5%; grade 3-4 AEs 74 vs 65%",Bone metastases subgroup: OS HR 0.54 (0.34-0.84) (PMID 29309249). Final OS: PMID 27279544,"PFS 7.4 vs 3.8 mo, HR 0.58 (95% CI 0.45-0.75), p<0.001",26406150,,,,Kidney Cancer!15,
Kidney Cancer,,Advanced,,,CABOSUN,Phase 2,"Untreated clear cell metastatic RCC, IMDC intermediate or poor risk; n=157",Cabozantinib vs sunitinib,"PFS by independent review 9 vs 5 mo, HR 0.48 (0.31-0.74); ORR 20 vs 9%; OS 27 vs 21 mo, HR 0.80 (0.53-1.21), NS",Randomised phase 2. Independent review and OS update: PMID 29550566,"Investigator PFS 8.2 vs 5.6 mo, HR 0.66 (95% CI 0.46-0.95), one-sided p=0.012",28199818,,,,Kidney Cancer!16,
Kidney Cancer,,Advanced,,,CheckMate 214,,1st line advaned clear cell RCC,Nivo-ipi vs sunitinib,"30 mo OS 64 vs 56%, HR 0.71; CR 11 vs 2%; Int-poor OS had HR 0.66; good risk had similar OS across arms; 90% of CR were sustained","4 year OS 48 vs 26.6 mos; PFS 11 vs 8.3 mos, HR 0.74 (sig); 30% 5 year survivors; median duration of response not reached; 78% of CRs at 4 years still ongoing",,,,,,Kidney Cancer!17,
Kidney Cancer,,Advanced,,,COSMIC-313,,"1st line ccRCC, IMDC inter/poor risk",Ipi-nivo+/-cabozantinib,"PFS NR vs 11 mos, HR 0.73; better tail of the curve; benefit was seen in intermediate risk but not poor risk group",,,,,,,Kidney Cancer!18,
Kidney Cancer,,Advanced,,,KEYNOTE-426,,1st line advaned clear cell RCC,Pembro-axi VS sunitinib,"18 mo OS 82 vs 72%, HR 0.53; int-poor HR 0.52; good HR 0.64 (NS)",,,,,,,Kidney Cancer!19,
Kidney Cancer,,Advanced,,,CheckMate 9ER,,1st line clear cell RCC,Nivo-cabo vs sunitinib,OS HR 0.6; consistent across IMDC risk groups,,,,,,,Kidney Cancer!20,
Kidney Cancer,,Advanced,,,JAVELIN Renal 101,,1st line clear cell RCC,Avelumab-axi vs sunitinib,"PFS 14 vs 8 mos, HR 0.69; OS immature;",,,,,,,Kidney Cancer!21,
Kidney Cancer,,Advanced,,,Keynote 581/CLEAR,Phase 3,1st line clear cell RCC,Lenvatinib-pembro vs lenvatinib-everolimus vs sunitinib,"PFS 24 vs 9 mos, HR 0.39 for L-P vs sun; PFS 14 vs 9 mos, HR 0.53 for L-E vs S; OS HR 0.66 for L-P vs sun but NS for L-E vs sun; CR 16% with L-P",,,,,,,Kidney Cancer!22,
Kidney Cancer,,Advanced,,,KEYNOTE-B61,Phase 2,nccRCC; previously untreated,lenvatinib+pembrolizumab,ORR 48%; 6 month PFS 72%; 6 month OS 88%; med PFS 18 mos; lower activity in chromophore,,,,,,,Kidney Cancer!23,
Kidney Cancer,,Advanced,,,IMmotion 151,,1st line clear cell RCC,Atezo-bev vs sunitinib,"PFS 11 vs 8.4 mos, HR 0.83; CR 5 vs 2%; OS NS (36 mos)",,,,,,,Kidney Cancer!24,
Kidney Cancer,,Advanced,,,ASPEN,Phase 2,nccRCC (papillary; chromophobe or unclassified); untreated,Everolimus or sunitinib,"PFS 8 vs 5.6 mos, HR 1.4 favouring sunitinib; ORR 18% vs 9%; OS NS",Some variability by subtype - chromophore seemed to do better with everolimus,,,,,,Kidney Cancer!25,
Kidney Cancer,,Advanced,,,CheckMate 025,,≥2 antiangiogenic therapies,Nivo vs everolimus,"OS 25 vs 19.6 mos, HR 0.73; 5 year OS 26 vs 18%; 5 year PFS 5% vs 1%;",,,,,,,Kidney Cancer!26,
Kidney Cancer,,Advanced,,,CARMENA,,Int-poor risk metastatic RCC; non-inferiority study,Sunitinib +/- nephrectomy,"OS favoured sunitinib alone, HR 0.89, NS; Sunitinib non-inferior",Recommend against up-front nephrectomy in int and poor risk RCC; patient with 1 IMDC risk factor might still benefit; also patient with low disease burden might benefit,,,,,,Kidney Cancer!27,
Kidney Cancer,,Advanced,,,Motzer,,≥prior VEGF TKI,Lenvatinib vs eve vs len-eve,"PFS 14.6 vs 5.4 mos with combo vs eve; OS 25.5 vs 15.4 mos, HR 0.55 (NS)",,,,,,,Kidney Cancer!28,
Kidney Cancer,,Advanced,,,TIVO-3,,met RCC ≥2 prior lines,Tivozanib vs sorafenib,PFS 6 vs 4 mos; OS similar,,,,,,,Kidney Cancer!29,
Kidney Cancer,,Advanced,,,AXIS,,≥1 TKI,Axitinib vs sorafenib,PFS 5 vs 3 mos;,,,,,,,Kidney Cancer!30,
Kidney Cancer,,Advanced,,,LITESPARK-005,,"Met RCC, 1-3 prior lines, Prev TKI and IO",Belzutifan vs everolimus,PFS HR 0.74 (median similar at 5.5 mos); OS NS,,,,,,,Kidney Cancer!31,
Kidney Cancer,,Advanced,,,LITESPARK-011,,"Met RCC, post IO, <= 2 lines, prior TKI allowed",Belzutifan+lenvatinib vs cabo,"PFS 15 vs 11 mos, HR 0.7; OS 35 vs 28 mos, HR 0.85; G3 AEs 72 vs 66%",,,,,,,Kidney Cancer!32,
Lymphoma - Hodgkin,,,1st line,,GHSG HD10,,Early favorable prognosis,ABVD x 4 or 2 with 20 or 30 Gy IFRT,"ABVDx2 with 20Gy was equivalent to more treatment (5 year OS 97%, PFS 93%)",,,,,,,Lymphoma - Hodgkin!4,
Lymphoma - Hodgkin,,,1st line,,NCIC/ECOG HD.6,,!A/IIA nonbulky,ABVD x 4-6 vs ABVD x 2 +XRT,chemo had higher OS but lower DFS,This older form of XRT was more toxic,,,,,,Lymphoma - Hodgkin!5,
Lymphoma - Hodgkin,,,1st line,,EORTC H10,,Early nonbulky HL,ABVDx2->interim PET; PET - received either ABVD x 2 or XRT,Higher recurrence in PET- who received chemo and not XRT; stopped early,,,,,,,Lymphoma - Hodgkin!6,
Lymphoma - Hodgkin,,,1st line,,UKRAPID,,Early non-bulky,ABVDx3->PET- -> XRT vs observation,3 year PFS 95 vs 91% favouring RT; more death without disease progression with XRT (2.4 vs 0.9%),,,,,,,Lymphoma - Hodgkin!7,
Lymphoma - Hodgkin,,,1st line,,RATHL,,IIB-IV or IIA with adverse features,post -PET2 -> ABVD vs AVD x 4,"PFS NS (84 vs 86%), OS NS (98 vs 97%); less pulmonary events",Note that pet positive patients received 4 cycles BEACOPP,,,,,,Lymphoma - Hodgkin!8,
Lymphoma - Hodgkin,,,1st line,,GHSG HD18,,Advanced HL,post -PET2 -> eBEACOPP 4 vs 6-8,"Fewer deaths and severe infections with 4 cycles, similar PFS",,,,,"ABVD in advanced HL: 80%CR; 25% will progress, half will have long term survival with autoHSCT | BEACOPP - 80-95% CR; uo to 20% disease progression; OS difference",,Lymphoma - Hodgkin!9,
Lymphoma - Hodgkin,,,1st line,,ECHELON-1,,III/IV HL,A+AVD vs ABVD,"Modified PFS 82 vs 77%, HR 0.72; 6 year OS 94 vs 89%, HR 0.59; more neuropathy and infection, less pulm toxicity",,,,,,,Lymphoma - Hodgkin!10,
Lymphoma - Hodgkin,,,1st line,,S1826,,Stage 3/4 HL,N-AVD vs B-AVD,"2 year PFS 92% vs 83%, HR 0.45; 

in ≥60 years old, 2 year PFS 89 vs 64%, HR 0.49, 2 year OS 96 vs 85% (HR 0.15); N-AVD better tolerated",,,,,,,Lymphoma - Hodgkin!11,
Lymphoma - Hodgkin,,Relapsed,,,GHSG/EBMT,,relapsed HL,BEAM-ASCT vs dexa-BEAM,OS similar; 3 year DFS 55 vs 34%,~50% salvaged with ASCT,,,,,,Lymphoma - Hodgkin!15,
Lymphoma - Hodgkin,,Relapsed,,,Pivotal p2 BV,,Relapsed HL after autoSCT,BV up to 16 cycles,OR 75%; In CR patients 5 year PFS was 52%,,,,,,,Lymphoma - Hodgkin!16,
Lymphoma - Hodgkin,,Relapsed,,,Aethera,,"Maintenance post ASCT; at least one of primary ref cHL, relapse <12 mos after initial therapy, extranodal relapse",BV vs placebo,"5 year PFS 59 vs 11%, HR 0.52; OS NS but there was crossover; neuropathy 56 vs 16%)",,,,,,,Lymphoma - Hodgkin!17,
Lymphoma - Hodgkin,,Relapsed,,,Armand et al,Phase 2,Maintenance post ASCT,Pembro,18 mo PFS 82%; OS 100%,,,,,,,Lymphoma - Hodgkin!18,
Lymphoma - Hodgkin,,Relapsed,,,KEYNOTE 204,,post ASCT or ASCT ineligible,Pembro vs BV,"PFS 13 vs 8 mos, HR 0.65; DOR 21 vs 14 mos;",,,,,,,Lymphoma - Hodgkin!19,
Lymphoma - Hodgkin,,Relapsed,,,KEYNOTE-087,,Heavily pretreated HL,Pembro 200 q3weeks,"OR 72%, 28% CR; in CR patients 2 year PFS >60%;",High rates transplant complications in patients who get alloSCT after PD-1 blockade,,,,,,Lymphoma - Hodgkin!20,
Lymphoma - Hodgkin,,Relapsed,,,CheckMate 205,,HL post ASCT with or without prev BV,Nivo,"OR 69%, CR 18%; DOR 17 mos; PFS 15 mos",,,,,,,Lymphoma - Hodgkin!21,
Lymphoma - Hodgkin,,Relapsed,,,"ATL-30, RELY-30",,R/R HL,CD 30 CAR T cells,"OR 62%, CR 51%; 1 year PFS 36%; 72% RR in those receiving FLU based lymphodepletion",,,,,,,Lymphoma - Hodgkin!22,
Lymphoma - DLBCL,,,1st line,,ALLIANCE/CALGB 50303,,First line,DA-EPOCH-R vs RCHOP,PFS and OS NS; more toxicity with DA-EPOCH-R,,,,,,,Lymphoma - DLBCL!4,
Lymphoma - DLBCL,,,1st line,,IELSG37,,PMBCL; PET neg post RCHOP,Radiation vs observation,2 year PFS,,,,,,,Lymphoma - DLBCL!5,
Lymphoma - DLBCL,,,1st line,,FLYER,,I-II; ≤60; no adverse RFs; non-inferiority,RCHOP 4 vs 6,3 YEAR PFS 96% VS 93% (non-inferior);,,,,,,,Lymphoma - DLBCL!6,
Lymphoma - DLBCL,,,1st line,,S10001,,"I/II, nonbulky, non-randomized",PET3 adapted chemo vs XRT,Similar outcomes PET pos and neg; 5 PFS andOS 87 and 89%,,,,,,,Lymphoma - DLBCL!7,
Lymphoma - DLBCL,,,1st line,,Intergroup S9704,,"Hig-int and high risk IPI, ≥PR after chemo",CHOP(+/-R) x 8 vs 6+ASCT,2 year OS NS (74 vs 71%); in high risk IPI 2 year PFS and OS were better (75 vs 41% and 82 vs 64% respectively),,,,,,,Lymphoma - DLBCL!8,
Lymphoma - DLBCL,,,1st line,,LNH03-2B (GELA),,18-59; aaIPI=1,RACVBP vs RCHOP,"3 year EFS 81% vs 67%, OS 92% vs 84%; more toxicity with RACVBP; on further analysis benefit limited to non-GCB",Vindesine not available in US/canada;,,,,,,Lymphoma - DLBCL!9,
Lymphoma - DLBCL,,,1st line,,POLARIX,,1st line DLBCL; IPI 2-5,RCHOP vs R-CHP-polatuzumab vedotin,PFS HR 0.73; 2 year PFS 77 vs 70%; OS NS so far (HR 0.94),"Benefit in ABC group with HR 0.34 for DFS, HR 0.27 for death; no benefit in GCB",,,,,,Lymphoma - DLBCL!10,
Lymphoma - DLBCL,,,1st line,,PHOENIX,,Non-GCB DLBCL,RCHOP+/-ibrutinib,EFS/OS NS; in <60 subgroup EFS/PFS and OS improved; more toxicity with combination,,,,,,,Lymphoma - DLBCL!11,
Lymphoma - DLBCL,,,1st line,,Habermann,,≥60; maintenance post CHOP or RCHOP,Ritux vs Placebo maintenance,2 year FFS 76% vs 61%; OS NS; FFS not better in RCHOP treated patients,,,,,,,Lymphoma - DLBCL!12,
Lymphoma - DLBCL,,,1st line,,Thieblemont,,60-80 years old; PR/CR after RCHOP,Len vs Placebo maintenance,PFS HR 0.7; OS NS; more toxicity with len,,,,,,,Lymphoma - DLBCL!13,
Lymphoma - DLBCL,,,1st line,,FIRST-MIND,Phase 1b,"Untreated DLBCL, IPI 2-5; n=66",R-CHOP + tafasitamab +/- lenalidomide,End-of-treatment ORR 75.8% (CR 72.7%) with tafasitamab vs 81.8% (CR 66.7%) with tafasitamab-lenalidomide; 24-mo PFS 72.7 vs 76.8%; grade >=3 neutropenia 57.6 vs 84.8%,Both arms received tafasitamab; randomisation was +/- lenalidomide. Phase 3 frontMIND is the confirmatory study,"Safety - all pts had a TEAE, mostly grade 1-2",37369099,,,,Lymphoma - DLBCL!14,
Lymphoma - DLBCL,,Relapsed/refractory,,,PARMA,,Chemosensitive relapsed DLBCL after DHAPx2,DHAPx4 vs ASCT,5 year EFS 46 vs 12% and OS 53 vs 32%,,,,,,,Lymphoma - DLBCL!17,
Lymphoma - DLBCL,,Relapsed/refractory,,,CORAL,,R/R DLBCL,R-ICE vs R-DHAP before ASCT,"27 mos follow up Similar ORR (64%), EFS (50%), OS (50%); more toxicity with DHAP",Also showed no benefit to maintenance rituximab,,,,,,Lymphoma - DLBCL!18,
Lymphoma - DLBCL,,Relapsed/refractory,,,LY.12,,R/R DLBCL,R-GDP vs R-DHAP,"Similar ORR, EFS, OS but more toxicity with DHAP",,,,,,,Lymphoma - DLBCL!19,
Lymphoma - DLBCL,,Relapsed/refractory,,,ZUMA-1,,Refractory or relapse within 1 year autoSCT,Axi-cel,"ORR 82%, DOR 11 mos, PFS 6 months, median OS >2 years; more neurotoxicity in older patients but similar outcomes",,,,,,,Lymphoma - DLBCL!20,
Lymphoma - DLBCL,,Relapsed/refractory,,,ZUMA-7,,2nd line R/R DLBCL (refractory or relapse within 12 months RCHOP),Axi-cel vs ASCT,"EFS 8 vs 2 mos, HR 0.398; 24 mo EFS 41 vs 16%; 2 year OS 61 vs 52%; 4 year OS 55% vs 46%, HR 0.73; 4 year EFS 42 vs 24%, HR 0.51",,,,,,,Lymphoma - DLBCL!21,
Lymphoma - DLBCL,,Relapsed/refractory,,,TRANSFORM (ash 22),,2nd line DLBCL (within 12 mos RCHOP),Lisocabtagene vs ASCT,EFS NR vs 2 mos (HR 0.36); grade ≥3 CRS and neuro in 1 and 4%; OS trend for liso,,,,,,,Lymphoma - DLBCL!22,
Lymphoma - DLBCL,,Relapsed/refractory,,,BELINDA,,2nd line DLBCL (relapse within 12 months),Tisangeleucel vs ASCT,EFS 3 mos in both arms (NS);,"Imbalances in arms, some design elements may have led to negative result",,,,,,Lymphoma - DLBCL!23,
Lymphoma - DLBCL,,Relapsed/refractory,,,TRANSCEND NHL 001,,"R/R DLBCL, PMBCL, iNHL",Lisocabtagene maraleucel,"OR 73%, CR 53%; PFS 6 mos but NR in CR pts; 2 year PFS 40%, OS 50%",,,,,,,Lymphoma - DLBCL!24,
Lymphoma - DLBCL,,Relapsed/refractory,,,JULIET,,R/R DLBCL,Tisangeleucel,1 year RFS 65% (79% in CR pts); If maintain CR at 3 mos then 3 year EFS 79% and if CR at 6 months then 3 year EFS 87%,,,,,,,Lymphoma - DLBCL!25,
Lymphoma - DLBCL,,Relapsed/refractory,,,Dickinson,Phase 1,"R/R DLBCL, phase 1-2",Glofitamab,39% CR at 12 months; similar response rate in patients post CAR-T therapy; 12 month PFS 37%,,,,,,,Lymphoma - DLBCL!26,
Lymphoma - DLBCL,,Relapsed/refractory,,,STARGLO,Phase 3,R/R DLBCL; transplant ineligible,Glofitamab-gemOx vs R-GemOx,"OS 25.5 vs 13 mos, HR 0.62;",,,,,,,Lymphoma - DLBCL!27,
Lymphoma - DLBCL,,Relapsed/refractory,,,EPCORE NHL-1,Phase 1,"R/R DLBCL, phase 1-2",Epcoritamab,"ORR 63%, CR 39%.. DOR 12 mos.",,,,,,,Lymphoma - DLBCL!28,
Lymphoma - DLBCL,,Relapsed/refractory,,,Sehn,Phase 1b/2,R/R DLBCL,BR+/-polatuzumab vedotin,CR 40 vs 18%; PFS 10 vs 4 mos; OS 12 vs 5 mos,,,,,,,Lymphoma - DLBCL!29,
Lymphoma - DLBCL,,Relapsed/refractory,,,Bartlett,,R/R CD30+DLBCL (subset of study),Brentuximab vedotin (+/-ritux),"Or 44%, CR 17%",,,,,,,Lymphoma - DLBCL!30,
Lymphoma - DLBCL,,Relapsed/refractory,,,Viardot,,R/R DLBCL,Blinatumomab,"OR 43%, CR 19%",,,,,,,Lymphoma - DLBCL!31,
Lymphoma - DLBCL,,Relapsed/refractory,,,L-MIND,Phase 2,"R/R DLBCL, phase 2 single arm",Tafasitamab-lenalidomide,CR 43%,FDA approved combination for R/R DLBCL ineligible for ASCT; anti-CD19 mAb with enhanced ADCC,,,,,,Lymphoma - DLBCL!32,
Lymphoma - DLBCL,,Relapsed/refractory,,,LOTIS-2,,R/R DLBCL,Loncastuximab tesirine,"ORR 48%, CR 24%, PFS 5 mos, IS 10 mos",,,,,,,Lymphoma - DLBCL!33,
Lymphoma - DLBCL,,Relapsed/refractory,,,SADAL,,Heavily pretreated DLBCL,Selinexor,"OR 28%, CR 12%, DOR 9 mos but 23 mos in CR patients;",FDA approved for R/R DLBCL after ≥2 lines of therapy,,,,,,Lymphoma - DLBCL!34,
Lymphoma - DLBCL,,Relapsed/refractory,,,Advani,,Phase 1b R/R NHL including DLBCL,Hu5F9-G4 (blocks CD47 macrophage immune checkpoint),"OR 50%, CR 36% (lower in DLBCL than FL)",,,,,,,Lymphoma - DLBCL!35,
Indolent Lymphoma,Follicular lymphoma,,1st line,,W&W,Phase 3,asymptomatic low burden FL,"Rituximab induction, Rituximab maintenance, Watchful waiting","TTNT: 2.7 years (WW), 9.9 years RI, NR for RM
OS NS (76/80/82%); transformation NS",,,,,,,Indolent Lymphoma!5,
Indolent Lymphoma,Follicular lymphoma,,1st line,,StiL,,"II-IV FL, iNHL, MCL",BR vs RCHOP,"PFS 69.5 vs 31.2 mos, HR 0.58; less toxic; OS NS at 10 years;",,,,,,,Indolent Lymphoma!6,
Indolent Lymphoma,Follicular lymphoma,,1st line,,BRIGHT,,"II-IV FL, iNHL, MCL",BR vs RCHOP,"5 year PFS 66 vs 56%, HR 0.61; OS NS",,,,,,,Indolent Lymphoma!7,
Indolent Lymphoma,Follicular lymphoma,,1st line,,GALLIUM,,II-IV FL,Chemo with R vs O,"ORR/CR NS; 3 year PFS 83 vs 79%, HR 0.68; 3 year OS NS (94%); more grade 3-5 toxicity with Obi 75 vs 68%;",Higher rate fatal events with benda backbone (4% vs 2% with CHOP or CVP). Most benda deaths occurred during maintenance,,,,,,Indolent Lymphoma!8,
Indolent Lymphoma,Follicular lymphoma,,1st line,,FOLL-05,,II-IV FL,RCHOP vs RCVP vs RFM,R-CHOP and R-FM superior to R-CVP for PFS; more toxicity with R-FM,,,,,,,Indolent Lymphoma!9,
Indolent Lymphoma,Follicular lymphoma,,1st line,,SWOG S0016,,"II-IV FL, 1st line",RCHOP vs RIT-CHOP,PFS/OS NS; more deaths MDS/AML with 131-I tositumomab,,,,,,,Indolent Lymphoma!10,
Indolent Lymphoma,Follicular lymphoma,,1st line,,RELEVANCE,Phase 3,Untreated advanced follicular lymphoma (grade 1-3a); n=1030,Lenalidomide-rituximab vs R-chemo,"At median 6 y: PFS 60 vs 59%, HR 1.03; OS 89% both; more rash, diarrhea, tumor flare; less neutropenia, febrile neutropenia, neuropathy",Also similar transformation rates and 2nd primary malignancy rates; 6-y update: PMID 35947804,"CR/CRu at 120 wk 48 vs 53%, p=0.13; interim 3-y PFS 77 vs 78% - superiority not shown",30184451,,,,Indolent Lymphoma!11,
Indolent Lymphoma,Follicular lymphoma,,1st line,,PERSPECTIVE,,"1st line FL, elderly/unfit OR low tumour burden",Rituximab +/- Ibrutinib,Ongoing,,,,,,,Indolent Lymphoma!12,
Indolent Lymphoma,Follicular lymphoma,,Maintenance,,PRIMA,,Post 1st line FL with response,Ritux q8 weeks x 2 years vs placebo,3 year PFS 75 vs 58%; PFS 10.5 vs 4 years; more grade 3/4 events 24 vs 17%; 10 year OS NS (80%),,,,,,,Indolent Lymphoma!15,
Indolent Lymphoma,Follicular lymphoma,,Maintenance,,Vidal meta-analysis,,7 trials reviewed,MR vs placebo,OS HR 0.79; more AEs with maintenance esp infection including g 3/4 infection; benefit after BR uncleal,,,,,,,Indolent Lymphoma!16,
Indolent Lymphoma,Follicular lymphoma,Relapsed/refractory,,,GADOLIN,,Ritux refractory NHL,BO+O maint vs B,"PFS 26 vs 14 mos, HR 0.67",COMPLEMENT A+B study looking at benda+/-ofatumumab was negative; reason for difference between studies unclear,,,,,,Indolent Lymphoma!18,
Indolent Lymphoma,Follicular lymphoma,Relapsed/refractory,,,GAUDI,,Different Obi schedules,O-CHOP or O-FC,"ORR O-CHOP 96%, CR 39%;",,,,,,,Indolent Lymphoma!19,
Indolent Lymphoma,Follicular lymphoma,Relapsed/refractory,,,AUGMENT (ASH ’22 update),,R/R FL or MZL,Lenalidomide-rituximab vs rituximab,"PFS 39 vs 14 mos, HR 0.46; 5 year OS 83 vs 77%, HR 0.59; more infection and rash",,,,,,,Indolent Lymphoma!20,
Indolent Lymphoma,Follicular lymphoma,Relapsed/refractory,,,Gopal,Phase 2,iNHL; relapse within 6 months,Idela,"PFS 11 mos; ORR 57%, DOR 12.5 mos; OS 20 mos",,,,,,,Indolent Lymphoma!21,
Indolent Lymphoma,Follicular lymphoma,Relapsed/refractory,,,CHRONOS-3,Phase 3,Phase 3 iNHL,Rituximab +/- copanlisib,"PFS 22 vs 13 mos, HR 0.52",,,,,,,Indolent Lymphoma!22,
Indolent Lymphoma,Follicular lymphoma,Relapsed/refractory,,,DYNAMO,,"INH:, ref to ritux with chemo or RIT",Duvelisib,"In FL, ORR 42%, PFS 9.5 mos, OS 28.9 mos; 31% discontinued due to toxicity",,,,,,,Indolent Lymphoma!23,
Indolent Lymphoma,Follicular lymphoma,Relapsed/refractory,,,Morschhauser,Phase 1/2,R/R EZH2 mutant FL,Tazemetostat,"ORR 69%, DOR 11 mos in EZH2 mutant FL; in EZH wt FL ORR was 34%, DOR 13 mos;",Oral inhibitor of EZH2; EZH2 mutations present in 20% of FL,,,,,,Indolent Lymphoma!24,
Indolent Lymphoma,Follicular lymphoma,Relapsed/refractory,,,ROSEWOOD,Phase 2,R/R FL; ≥2 lines of therapy,Obinutuzumab +/- zanubrutinib,ORR 69 vs 46%; PFS 28 vs 10 mos,,,,,,,Indolent Lymphoma!25,
Indolent Lymphoma,Follicular lymphoma,Relapsed/refractory,,,Witzig,,"R/R FL, transformed CD20+ NHL",Ibritumomab-tiuxetan (zevalin) vs rituximab,ORR 80% vs 56%; PFS < 1year but CR patients PFS ~4 years; can have prolonged cytopenias; ?increased risk MDS/AML,,,,,,,Indolent Lymphoma!26,
Indolent Lymphoma,Follicular lymphoma,Relapsed/refractory,,,Budde,,R/R FL ≥2 prior therapies,Mosunetuzumab,CR in 60%; PR 20%; DOR 23 mos; grade 3-4 70%,,,,,,,Indolent Lymphoma!27,
Indolent Lymphoma,Follicular lymphoma,Relapsed/refractory,,,ELM-2,Phase 2,R/R FL ≥2 prior therapies,Odronextamab,ORR 81% and CR 75%; DOR 18 mos; PFS 20 months; with step up regimen no grade ≥2 CRS seen,,,,,,,Indolent Lymphoma!28,
Indolent Lymphoma,Follicular lymphoma,Relapsed/refractory,,,ZUMA-5,Phase 2,R/R iNHL (FL an MZL); ≥2 prior lines,Axicabtagene,"ORR 96%, CR 74% of responders; PFS 42 mos FL, NR MZL",Led to FDA approval CAR-T in R/R FL Mar 2021,,,,,,Indolent Lymphoma!29,
Indolent Lymphoma,Follicular lymphoma,Relapsed/refractory,,,ELARA,,">=2 prior lines, FL, single arm",tisa-cel,ORR 77%; 1 year PFS 71%,,,,,,,Indolent Lymphoma!30,
Indolent Lymphoma,Waldenstrom,,,,StiL,,"1st line (also with FL, MCL, iNHL)",BR vs RCHOP,"In WM patients PFS 70 vs 28 mos, ORR 95%",,,,,,,Indolent Lymphoma!33,
Indolent Lymphoma,Waldenstrom,,,,Dimopoulos,,1st line,Bortezomib-dex-rituximab,"ORR 85%, CR 3%; PFS 42 mos, median DOR in ≥PR 64.5 mos; 3 year OS 81%; neuropathy 46%, grade ≥3 7%",,,,,,,Indolent Lymphoma!34,
Indolent Lymphoma,Waldenstrom,,,,Buske,Phase 3,First line WM,DRC+/-bortezomib,24 mo PFS NS (?) (81 vs 73%); better quality responses with bortezomib,,,,,,,Indolent Lymphoma!35,
Indolent Lymphoma,Waldenstrom,,,,MAINTAIN,,Post BR with at least PR,Rituximab maintenance vs placebo,PFS NS (101 vs 83 months); Os Immature,Maintenance rituximab should not be recommended after BR in WM,,,,,,Indolent Lymphoma!36,
Indolent Lymphoma,Waldenstrom,,,,INNOVATE,,1st line and relapsed WM,Ibrutinib-rituximab vs rituximab,"PFS NR vs 20 mos, HR 0.25); major response 72 vs 32%;",No data on single agent ibrutinib vs I-R,,,,,,Indolent Lymphoma!37,
Indolent Lymphoma,Waldenstrom,,,,ASPEN,,WM (MYD mutated); proportion CR/VGPR primary endpoint,Zanubrutinib vs ibrutinib,CR/VGPR 36 vs 22%; PFS 78 vs 70% at 42 mos; Similar ORR; less a fib (24 vs 8%) and bleeding,Less CR/VGPR in MYD wt cohort and in CXCR4 cohort notable,,,,,,Indolent Lymphoma!38,
Indolent Lymphoma,Waldenstrom,,,,Owen,Phase 2,"Waldenstrom, treatment-naive (n=14) or relapsed/refractory (n=92), no prior BTKi",Acalabrutinib,"ORR 93% in both groups (no CR); 24-mo PFS 90%, OS 92%",,ORR (minor response or better) 93% treatment-naive and 93% relapsed/refractory,31866281,,,,Indolent Lymphoma!39,
Indolent Lymphoma,Marginal zone lymphoma,,,,Noy,Phase 2,R/R MZL; prev anti-CD20 therapy,Ibrutinib,ORR 48%; DOR NR after 19.4 mos; PFS 14 mos,,,,,,,Indolent Lymphoma!43,
Indolent Lymphoma,Marginal zone lymphoma,,,,MAGNOLIA,Phase 2,R/R MZL,Zanubrutinib,ORR 68%; CR 24%; DOR NR; 85% responders still responding at 12 mos,,,,,,,Indolent Lymphoma!44,
Indolent Lymphoma,Marginal zone lymphoma,,,,CITADEL-204,Phase 2,R/R MZL,Paraclisib,"ORR 58%; ≥3 grade AE in 63%, diarrhea most common",,,,,,,Indolent Lymphoma!45,
Indolent Lymphoma,Mantle cell,,,,StiL,,"1st line (also with FL, MCL, iNHL)",BR vs RCHOP,"PFS 69.5 vs 31.2 mos, HR 0.58; less toxic; OS NS at 10 years;",,,,,,,Indolent Lymphoma!48,
Indolent Lymphoma,Mantle cell,,,,Hermine,,"II-IV MCL, ≤65 yo, untreated, pre-ASCT",RCHOP vs RCHOP+DHAP followed by ASCT,"TTF 9.1 vs 3.9 years, HR 0.56; increased toxicity with RDHAP",Authors felt alternating RCHO/RDHAP should be new standard in youmger patients,,,,,,Indolent Lymphoma!49,
Indolent Lymphoma,Mantle cell,,,,SHINE,Phase 3,≥65; first line,BR+/- ibrutinib,"PFS 81 vs 53 mos, HR 0.75); OS NS (7 year OS ~55%)",,,,,,,Indolent Lymphoma!50,
Indolent Lymphoma,Mantle cell,,,,ACE-LY-308,Phase 3,first line,BR+/-acala,"PFS 66 vs 50 mos, HR 0.73; OS NS",,,,,,,Indolent Lymphoma!51,
Indolent Lymphoma,Mantle cell,,,,Kluin-Nelemens,,"II-IV MCL not eligible for ASCT; first randomized to chemo, second randomization to rituximab maintenance",Rituximab vs IFN-a maintenance,4 year OS 87 vs 63%; PFS HR 0.55,,,,,,,Indolent Lymphoma!52,
Indolent Lymphoma,Mantle cell,,,,Jain et al,Phase 2,MCL; elderly; 1st line,IR,"ORR 96%; 3 year PFS 87%, OS 94%",,,,,,,Indolent Lymphoma!53,
Indolent Lymphoma,Mantle cell,,,,StiL NHL7-2008 MAINTAIN,Phase 2,"New MCL, post BR, multicentre phase 2",Ritux maintenance x 2 years vs observation,PFS/OS NS,Abstract form only,,,,,,Indolent Lymphoma!54,
Indolent Lymphoma,Mantle cell,,,,FIL,Phase 3,maintenance post ASCT; RCHOP induction,Len x 2 years vs observation,"3 year PFS 80 vs 64%, HR 0.51; significant heme toxicity in len arm",,,,,,,Indolent Lymphoma!55,
Indolent Lymphoma,Mantle cell,,,,MCL-R2 Elderly,Phase 3,Phase 3 maintenance,Ritux-len vs ?,Fully recruited,,,,,,,Indolent Lymphoma!56,
Indolent Lymphoma,Mantle cell,,,,TRIANGLE,Phase 3,First line; fit; consolidation/maintenance after RCHOP/RDHAP,ASCT vs ASCT+ibrutinib maintenance vs ibrutinib maintenance,FFS at 3 years: ASCT not superior to ibrutinib maintenance (72% A vs 86% I; A+I was 88%); OS 3 years 86% ASCT vs 92% with ibrutinib,,,,,,,Indolent Lymphoma!57,
Indolent Lymphoma,Mantle cell,,,,RAY,Phase 3,R/R MCL,Ibrutinib vs temsirolimus,"ORR 77 vs 47%, CR 23vs 3%, DOR 23 vs 6 mos; PFS 15.6 vs 6.2 mos, HR 0.45; OS NS (30 vs 23 mos)",,,,,,,Indolent Lymphoma!58,
Indolent Lymphoma,Mantle cell,,,,BRUIN,Phase 1/2,Post BTKi MCL,Pirtobrutinib,"ORR 58%, 12 mo DOR 57%",,,,,,,Indolent Lymphoma!59,
Indolent Lymphoma,Mantle cell,,,,ACE-LY-004,Phase 2,R/R,Acalabrutinib,"ORR 81%, CR 40%, PFS 20mos, OS 72% at 24 mos, DOR 26 mos",,,,,,,Indolent Lymphoma!60,
Indolent Lymphoma,Mantle cell,,,,Song et al,Phase 2,R/R,Zanubrutinib,"ORR 84%, 59% CR, DOR 19.5 mos",,,,,,,Indolent Lymphoma!61,
Indolent Lymphoma,Mantle cell,,,,SPRINT,Phase 2,"R/R, phase II randomized",Lenalidomide vs other single agent (choice),"PFS 8.7 vs 5.2 mos, HR 0.61","Comparators ritux, gemcitabine, fludarabine, chlorambucil, cytarabine",,,,,,Indolent Lymphoma!62,
Indolent Lymphoma,Mantle cell,,,,ZUMA-2,,R/R MCL,Brexucabtagene autoleuclel (KTE-X19),"OR 93%, CR 67%; 12 mo PFS 61%, 12 mo OS 83%;",FDA approved for multiply relapsed MCL,,,,,,Indolent Lymphoma!63,
Indolent Lymphoma,Mantle cell,,,,SYMPATICO,Phase 3,1-5 prior lines of therapy,Ibrutinib+/-Venetoclax,"PFS 32 vs 22 mos, HR 0.65; similar AEs",,,,,,,Indolent Lymphoma!64,
Indolent Lymphoma,Hairy cell leukemia,,,,HCL-PG03,Phase 2,relapsed/refractory HCL,Vemurafenib (8 weeks) + rituximab (18 weeks),"CR 87%; PFS 78% at 37 months; Of CR patients, 65% were MRD negative",,,,,,,Indolent Lymphoma!69,
Indolent Lymphoma,Hairy cell leukemia,,,,Tiacci,,Single centre report; multiply relapsed patients,Venetoclax+/- rituximab,5/6 patients responded; PFS 23->53 months,,,,,,,Indolent Lymphoma!70,
CLL,,Asymptomatic,,,CLL12,,Asymptomatic TN at higher risk for progression,Ibrutinib vs placebo vs WW,Reduced progression HR 0.276 but no OS benefit. More CLL deaths with placebo but more AEs with IBR,,,,,,,CLL!4,
CLL,,,1st line,,Alliance A041202,,1st line CLL,Ibr vs Ibr-R vs BR,"PFS 87 vs 74%, HR 0.39; OS immature but seem similar; no benefit ritux; I had higher ORR 93 vs 81% but fewer CR 7 vs 26% and MRD- 1 vs 8%",,,,,,,CLL!7,
CLL,,,1st line,,RESONATE-2,,"1st line CLL, older adults",Ibr vs chlorambucil,"2 year PFS 89 vs 34%; 5 year PFS 70 vs 12%; 2 year OS 95 vs 84%, 5 year OS 83 vs 68%, HR 0.45; higher ORR 86 vs 35%",,,,,,,CLL!8,
CLL,,,1st line,,ILLUMINATE,,"1st line CLL, older adults",Ibr-Obi vs chlor-obi,"30 mo PFS 79 vs 31%, HR 0.23; 30 mo OS similar;",,,,,,,CLL!9,
CLL,,,1st line,,ECOG-ACRIN E1912,,"1st line CLL, younger, excl del17p",Ibr-R vs FCR,"3 year PFS 89 vs 73%; 3 year OS 99 vs 92%, HR 0.17; lower MRD 8 vs 59%;","In IGHV mutated, PFS better but OS same and 50% FCR patients still off therapy at 5 years so still an option",,,,,,CLL!10,
CLL,,,1st line,,ELEVATE TN,,"1st line CLL, older/frail",Acala-obi vs acala vs chlor-obi,"48-mo PFS 87% A+O vs 78% A vs 25% chl-obi; 2-y OS 95/95 vs 92% (NS, immature); OS NR in any arm",2-y PFS 93 vs 87 vs 47%; 4-y median PFS NR for A+O and A vs 28 mo for chl-obi; trend to OS benefit A+O vs chl-obi; more adverse events with obi so despite better PFS usually not used in combination,,,,,,CLL!11,
CLL,,,1st line,,Sequoia,,"CLL, 1st line",Zanubrutinib vs BR,PFS HR 0.42; infection 16 vs 19% and HTN 6 vs 5%,Still awaits head to head comparison to other agents in CLL,,,,,,CLL!12,
CLL,,,1st line,,CLL14,,1st line CLL with comorbidities,ven-obi (12 mos) vs chlor-obi,3 year PFS 82 vs 50%; OS NS; CR 50 vs 23%;,,,,,,,CLL!13,
CLL,,,1st line,,CLL13,,"1st line CLL, 17p/TP53 negative; fit patients with CIRS<6",FCR/BR vs VR vs VO vs VO-Ibr,"15-mo MRD neg 87% VO, 92% VIO, 52% chemo; VO HR 0.42, VIO HR 0.32, VR NS; 3-y PFS 91% VIO, 88% VO, 76% chemo; OS similar at 3 y",More infection with chemo and VIO than VO; VO with or without ibrutinib was superior to chemo in first line fit patients,,,,,,CLL!14,
CLL,,,1st line,,CLL8,,1st line CLL,FCR vs FC,"5 year PFS FCR 67, 33, 15% for IGHV mut, unmut, and del17p; TRM 1-3%",,,,,,,CLL!15,
CLL,,,1st line,,CLL10,,1st line CLL,FCR vs BR,PFS 55 vs 42 mos; OS similar; FCR more toxic,,,,,,,CLL!16,
CLL,,,1st line,,Jain NEJM,Phase 2,high risk front line CLL,Ibr-Ven x 24 months,88% CR/CRi at 1 year; 63% uMRD at 1 year,,,,,,,CLL!17,
CLL,,,1st line,,CAPTIVATE,Phase 2,1st lie CLL; 2 cohorts; MRD and fixed duration,"Ibr + Ven; in MRD cohort randomized: uMRD-> ibr vs placebo; 
MRD+ -> ibr vs ibr+ven","In MRD cohort: uMRD achieved in 58% of patients by 12 cycles and 1 year DFS NS supporting fixed duration treatment (95 vs 100%); 

In FD cohort, CR 55%; 2 year PFS 95% and OS 98%",,,,,,,CLL!18,
CLL,,,1st line,,FLAIR,Phase 3,1st line CLL; duration of IBR-ven driven by MRD,IBR vs IBR-ven vs FCR,IBR-ven vs FCR: PFS HR 0.13 at 44 mo (12 vs 75 events); deaths at 3 y 9 vs 25 (HR 0.31); similar infections; cardiac AEs 11 vs 0.4%,58% of IBR-ven had stopped at 3 years due to MRD negativity,,,,,,CLL!19,
CLL,,,1st line,,GLOW,,"1st line CLL, ≥65 yo or younger with CIRS >6",Ibr+ven vs Chl-O,"42 mo PFS 75 vs 25%, HR 0.21; OS improved HR 0.49",,,,,,,CLL!20,
CLL,,,1st line,,CLL17,,1st line CLL,Obinutuzumab-venetoclax-ibrutinib vs venetoclax-ibrutinib vs ibrutinib,"3 year PFS/OS:
VO - 81%/92%
I - 81%/96%
VI - 79%/96%",uIGHV 3 year PFS - 76 vs 80 vs 79%; similar infections; more cardiac in VI and I,,,,,,CLL!21,
CLL,,,1st line,,AMPLIFY,,1st line CLL,Acala+ven+/-obin vs FCR/BR,36 mo PFS 77% vs 83% vs 67%; 36 mo OS 94% vs 88% vs 86%,Adding obinutuzumab deepened response without improving other outcomes due to greater infection / immunosuppression,,,,,,CLL!22,
CLL,,Relapsed,,,RESONATE,,R/R CLL,Ibr vs ofatumumab,"3year PFS 59 vs 3%; OS 68 vs 65 mos, HR 0.81",,,,,,,CLL!26,
CLL,,Relapsed,,,RESONATE-17,,R/R CLL with del17p,Ibr,2 year PFS and OS 63% and 75%,,,,,,,CLL!27,
CLL,,Relapsed,,,ASCEND,,R/R CLL,Acala vs (idela-R or Benda),"12 mo PFS 88 vs 68%, HR 0.31; OS immature; a-fib 5%, hemorrhage 1%",,,,,,,CLL!28,
CLL,,Relapsed,,,ELEVATE RR,Phase 3,High risk CLL (del 17p or 11q),Acala vs Ibr,"PFS 38.4 mo both arms (non-inferior); OS, infection, Richter similar; less HTN 9 vs 23%; less discontinuation 15 vs 23%","Acalabrutinib: less arthralgia, diarrhea and cardiotoxicity but more headache and cough",,,,,,CLL!29,
CLL,,Relapsed,,,ALPINE,,≥1 prior therapy; del17P/TP53 was a stratification factor,Zanubrutinib vs Ibrutinib,"ORR 86 vs 76%; 2 year PFS 78 vs 66%, HR 0.64; OS NS; lower AF (5 vs 13%), more neutropenia 28 vs 22%",,,,,,,CLL!30,
CLL,,Relapsed,,,MURANO,,R/R CLL,Ven-R (2 years) vs BR,"2 year PFS 85 vs 36%, OS 92 vs 87%; uMRD 62 vs 13%",,,,,,,CLL!31,
CLL,,Relapsed,,,Jones et al,,post BTK,Venetoclax,"12 mo PFS 75%, OS 91%l ORR 65%",,,,,,,CLL!32,
CLL,,Relapsed,,,Sharman et al,,R/R CLL,Idela-R vs R,PFS 19 vs 6.5 mos; OS 41 vs 35 mos; ≥grade 3 in 74% vs 54%,,,,,,,CLL!33,
CLL,,Relapsed,,,DUO,,R/R CLL,Duvelisib vs ofatumumab,"ORR 74 vs 45%; PFS 13.3 vs 9.9 mos, HR 0.52;",,,,,,,CLL!34,
CLL,,Relapsed,,,CLARITY,Phase 2,R/R CLL,Ibr+ven,"ORR 89%, CR 51%, uMRD at 12 mos 53% blood, 36% marrow;",,,,,,,CLL!35,
CLL,,Relapsed,,,UNITY-CLL,Phase 3,R/R CLL,Umbralisib-Ublituximab vs Chlor-Obi,"PFS 32 vs 18 mos, HR 0.55",PI3K-delta and anti-CD20 mAb,,,,,,CLL!36,
CLL,,Relapsed,,,GENUINE,Phase 3,R/R CLL with 1 of 17p-; 11q-; TP53 mut,Ibrutinib +/- ublituximab,ORR 83 vs 65%,Initially meant to also assess PFS but amended due to poor accrual,,,,,,CLL!37,
CLL,,Relapsed,,,BRUIN,Phase 1,Phase 1-2; R/R B cell cancers,Pirtobrutinib,"CLL post BTKi: ORR 73%, PFS 20 mos.",,,,,,,CLL!38,
CLL,,Relapsed,,,TRANSCEND CLL 04,Phase 1/2,R/R CLL/SLL after ≥2 lines including a BTKi; n=117 treated,Lisocabtagene,"CR/CRi 18% in primary set (BTKi progression + venetoclax failure, n=49); grade 3 CRS 9%; grade ≥3 neurological events 19%","Previously recorded: CR 20% with DOR NR and high MRD negativity; ORR 45%, DOR 35 mo in responders","CR/CRi 18% (95% CI 9-32), p=0.0006, primary efficacy set at dose level 2",37295445,,,,CLL!39,
Lung Cancer,,Adjuvant,,,KEYNOTE 091,,Resected IB-IIIA NSCLC; adjuvant platinum chemo when indicated,Pembro vs placebo,"DFS 54 vs 42 mos, HR 0.76; DFS in PDL1≥50% NS (HR 0.86); OS immature",,,,,,,Lung Cancer!4,
Lung Cancer,,Adjuvant,,,IMPOWER010,,Resected IB-IIIA NSCLC; adjuvant platinum chemo,Atezo vs placebo,DFS in II-IIIA PDL≥1 HR. 0.66; all II-IIIA DFS HR 0.79; OS NS for all comers but HR 0.71 for PDL1 >1% (mainly in PDL1>50% HR 0.43; 1-49% NS),Limited access to IO at time of relapse notable,,,,,,Lung Cancer!6,
Lung Cancer,,Adjuvant,,,NadimAdjuvant,,Resected IB-IIIA NSCLC,Chemo +/- nivo,"36 mo DFS 73 vs 60%, HR 0.65;",,,,,,,Lung Cancer!7,
Lung Cancer,,Adjuvant,,,ADAURA,,Resected EGFR mut NSCLC stage 1B-3A,Osimertinib vs placebo,"II/III 5 year OS 85 vs 73%, HR 0.49; Overall 5 year OS 88 vs 78%, HR 0.49",Lack of crossover to osimertinib at progression a concern in the control arm,,,,,,Lung Cancer!8,
Lung Cancer,,Adjuvant,,,ALINA,,"IB-IIIA alk+ NSCLC, resected",Alectinib vs chemo,DFS HR 0.24 (NE vs 44 mos); CNS DFS HR 0.22; OS immature,,,,,,,Lung Cancer!9,
Lung Cancer,,Adjuvant,,,PORT-C,,IIIA-N2 disease post surgery and adjuvant chemo,Radiation vs observation,3 year DFS NS (40 vs 32%),Suggests no role adjuvant radiation in this setting,,,,,,Lung Cancer!10,
Lung Cancer,,Adjuvant,,,LUNG ART,,"IIIA-N2, completed resected, post surgery, adjuvant or neoadjuvant chemo allowed",Radiation (mediastinal) vs observation,DFS NS (31 vs 21 mos); 3 year DFS 74 vs 44%; More toxicity with PORT,,,,,,,Lung Cancer!11,
Lung Cancer,,Neoadjuvant,,,Checkmate 816,Phase 3,resectable NSCLC,Chemo+/-nivo,"5 year OS 65 vs 55%, HR0.72 EFS 32 vs 21 mos, HR 0.63; Path CR 24% vs 2%, OR 13.9; similar grade 3/4 event rat",,,,,,,Lung Cancer!14,
Lung Cancer,,Neoadjuvant,,,Checkmate 77t,Phase 3,resectable NSCLC,Perioperative chemo +/- nivo,"24 mo EFS 70 vs 50%, HR 0.58;",,,,,,,Lung Cancer!15,
Lung Cancer,,Neoadjuvant,,,AEGEAN,Phase 3,resectable NSCLC,Neoadjuvant chemo +/- durvalumab x 4 cycles then adjuvant dura for 1 year,"Modified ITT pCR 17 vs 4%; EFS NR vs. 26 mos, HR 0.78",,,,,,,Lung Cancer!16,
Lung Cancer,,Neoadjuvant,,,Keynote 671,Phase 3,resectable NSCLC; stage 2-3B (N2),Neoadjuvant chemo +/- pembro and then adjuvant pembro x 1 year,"EFS NR vs 17 mos, HR 0.58; 2 year EFS 62 vs 40%; OS NR vs 52 mos, 36 mo OS 71 vs 64%.;",,,,,,,Lung Cancer!17,
Lung Cancer,,Neoadjuvant,,,RATIONALE-315,,"Treatment naive resectable stage II-IIIA, EGFR/ALKT wt",Chemo +/- tislelizumab (neoadjuvant and adjuvant),EFS HR 0.56; OS trend; medians NR;,,,,,,,Lung Cancer!18,
Lung Cancer,,Neoadjuvant,,,NeoADAURA,Phase 3,Stage II-III EGFRmut NSCLC,Osi vs osi+chemo vs chemo,MPR 26% vs 25% vs 2%; 12 mo EFS 93% vs 95% vs 83%,,,,,,,Lung Cancer!19,
Lung Cancer,,Locally advanced,,,LAURA,,STAGE 3 post chemoradiation,Osimertinib vs placebo,"PFS 39.1 vs 5.6 mo, HR 0.16 (0.10-0.24), p<0.001; 12-mo PFS 74 vs 22%; interim OS HR 0.81 (immature); grade >=3 AEs 35 vs 12%",,"PFS 39.1 vs 5.6 mo, HR 0.16 (95% CI 0.10-0.24), p<0.001",38828946,,,,Lung Cancer!22,
Lung Cancer,,Metastatic,,Various,SABR-COMET,Phase 2,Variety of primary tumors; up to 5 metastatic lesions; 18% had lung cancer,SBRT vs standard pall care,"OS 41 vs 28 mos, HR 0.57",NRG LU002 and SARON trials awaited to provide further evidence on radiation for oligometastatic NSCLC,,,,,,Lung Cancer!26,
Lung Cancer,,Metastatic,1st line,,KEYNOTE-024,,Untreated NSCLC PDL1≥50% subgroup,Pembro vs chemo,"PFS 10 vs 6 mos; OS 30 vs 14 mos, HR 0.63; ORR 45 vs 28%; less toxicity; longer DOR (NR vs 6 mos)",meta-analysis of 5 trials in PDL1≥50% suggests higher ORR RR 1.6 and PFS HR 0.36 but OS only trend for significance (0.76 NS); therefore chemo+pembro restricted to rapidly progressing disease where RR is important,,,,Also worth noting KEYNOTE 598 (pembro+/-ipi in 1st line PDL1≥50% was negative so no role to add ipi),,Lung Cancer!30,
Lung Cancer,,Metastatic,1st line,,KEYNOTE-024,,"1st line NSCLC, PDL1≥1%, EGFR/ALK wt",Pembro vs chemo,"OS better with pembro but driven by ≥50% group; 
in 1-49% exploratory subgroup 13.4 vs 12.1 mos, HR 0.92 (NS); 5 year OS in PDL1>50% was 32 vs 16% despite 66% crossover",Pembro single agent in <50% not as good as chemo+pembro but an acceptable alternative if declining chemo,,,,,,Lung Cancer!31,
Lung Cancer,,Metastatic,1st line,,KEYNOTE-189,,1st line nonsquamous NSCLC; PDL1 unselected; no EGFR or ALK alteration,Platinum+pemetrexed +/- pembro,"12 mo OS 69 vs 49%, HR 0.49; HR best in PDL1>50% but 0.55 and 0.59 in 1-49 and < 1% groups; med PFS 8.8 vs 4.9 mos; ORR 48 vs 19%; 5 year PFS 8 vs 0.6%; 5 year OS 19% vs 11%",,,,,,,Lung Cancer!32,
Lung Cancer,,Metastatic,1st line,,IMPOWER 150,,"1st line Advanced nonsquamous NSCLC, PDL1 unselected;",Carbo/taxol with atezo vs atezo/bev vs bev,PFS 8.3 vs 6.8 mos; OS 19.2 vs 14.7 mos favouring ABCP vs BCP,FDA approval excludes subset of EGFR or ALK mutation positive patients in this study although they seemed to have similar beenfot,,,,,,Lung Cancer!33,
Lung Cancer,,Metastatic,1st line,,IMPOWER 110,,Met squamous or nonsquamous NSCLC; PDL1≥1%,Atezo vs chemo,"In high PDL1 expression (>50%) atezo OS 20 vs 13 mos, HR 0.59",Atezo approved for PDL1≥50% NSCLC with no EGFR or ALK alterations,,,,,,Lung Cancer!34,
Lung Cancer,,Metastatic,1st line,,CheckMate-227,,"1st line NSCLC, PDL1 unselected",Nivo-ipi vs chemo,"OS 17 vs 13.9 mos; OS similar in 1-49%; In PDL1≥50% OS 21 vs 14 mos, HR 0.7; PDL1<1% also showed OS benefit with nivo-ipi 17 vs 12 mos",,,,,,,Lung Cancer!35,
Lung Cancer,,Metastatic,1st line,,CheckMate-9LA,,1st line NSCLC; only 2 cycles of chemo in the immuno-chemo arm; excluded EGFR/ALK,Chemo+/- nivo/ipi,"OS 15.6 vs 10.9 mos, HR 0.66; al PDL1 levels benefited",2 cycles chemo avoids early drop off with immunotherapy as was seen in CM227,,,,,,Lung Cancer!36,
Lung Cancer,,Metastatic,1st line,,MYSTIC,,NSCLC,Durva vs durva/tremi vs chemo,No improvement with IO vs chemo; high TMB≥20 benefited from durva/tremi in subgroup analysis,,,,,,,Lung Cancer!37,
Lung Cancer,,Metastatic,1st line,,Cisplatin vs Carboplatin meta-analysis group,,1st line NSCLC trials,Cisplatin vs carboplatin,ORR 30% vs 24%; trend to worse mortality with carbo (HR 1.07),,,,,,,Lung Cancer!38,
Lung Cancer,,Metastatic,1st line,,Ciuleanu et al,,Post 4 cycles platinum with SD or better,Pemetrexed maintenance vs BSC,PFS 4.3 vs 2.6 mos; OS 13.4 vs 10.6 mos,,,,,,,Lung Cancer!39,
Lung Cancer,,Metastatic,1st line,,PARAMOUNT,,Post 4 cycles platinum with SD or better,Pemetrexed maintenance vs BSC,"PFS 4.1 vs 2.8 mos, HR 0.62; OS 13.9 vs 11 mos",,,,,,,Lung Cancer!40,
Lung Cancer,,Metastatic,1st line,,CHECKMATE 153,,Prev treated NSCLC receiving nivo monotherapy,Nivo continuous vs 1 year,"PFS 24.7 mos vs 9.4 mos, HR 0.56; OS NR vs 32.5 mos, HR 0.62",Suggests a benefit to continuing nivo beyond 1 year,,,,,,Lung Cancer!41,
Lung Cancer,,Metastatic,1st line,,POSEIDON,,EGFR/ALK wt,Chemo+/-durva+/-tremi,"+/- durva: PFS 5.5 vs 4.8 mos, HR 0.74; OS NS 
+/-durva-tremi: PFS 6 vs 5 mos, HR 0.72, OS 14 vs 12 mos, HR 0.77)",PFS improved in both durva arms but OS increased in the dura tremi arm,,,,,,Lung Cancer!42,
Lung Cancer,,Metastatic,Later line,,Shepherd et al,,≥1 platinum regimen,Docetaxel vs BSC,PFs 10.6 vs 6.7 weeks; OS 7 vs 4.6 mos,,,,,,,Lung Cancer!45,
Lung Cancer,,Metastatic,Later line,,CheckMate 017,,"Squamous, post platinum doublet",Nivo vs docetaxel,OS 9 vs 6 mos,,,,,,,Lung Cancer!46,
Lung Cancer,,Metastatic,Later line,,CheckMate 057,,"Non-squamous, post platinum doublet",Nivo vs docetaxel,OS 12.2 vs 9.4 mos; similar OS however in PDL1-,,,,,,,Lung Cancer!47,
Lung Cancer,,Metastatic,Later line,,Keynote-010,,"NSCLC, ≥1 prev line, PDL1≥1%",Pembro (2 doses) vs docetaxel,OS 10.4/12.7 mos vs 8.5 mos,,,,,,,Lung Cancer!48,
Lung Cancer,,Metastatic,Later line,,Lung map s1800a,,"NSCLC, prev platinum+ICI",Pembro+ramucirumab vs SOC,OS 14.5 vs 11.6 mos.,,,,,,,Lung Cancer!49,
Lung Cancer,,Metastatic,Later line,,LUNAR3,,NSCLC post platinum based therapy,Doce or IO +/- tumour treating fields,"OS 13 vs 10 mos, HR 0.74; AEs 53 vs 38%;",,,,,,,Lung Cancer!50,
Lung Cancer,,Metastatic,,EGFR,FLAURA,,1st line EGFR mut adv NSCLC,Osimertinib vs gefitinib/erlotinib,"PFS 18.9 vs 10.2 mos, HR 0.46; OS 39 vs 32 mos, HR 0.8; RR 80 vs 76%",,,,,,,Lung Cancer!53,
Lung Cancer,,Metastatic,,EGFR,FLAURA2,,1st line EGFR mut adv NSCLC,Osimertinib +/-carbo-pemetrexed,"2 year PFS 57 vs 41%, HR 0.62; ORR 83 vs 76%; DOR 24 vs 15 mos; OS 48 vs 38 mos, HR 0.77",,,,,,,Lung Cancer!54,
Lung Cancer,,Metastatic,,EGFR,NEJ2009,,1st line EGFR mut NSCLC,Gefitinib+/-carbo/pem,PFS2 better with chemo+gefitinib (21 vs 33 mos) but OS NS (39 vs 48 mos),,,,,,,Lung Cancer!55,
Lung Cancer,,Metastatic,,EGFR,CHRYSALIS-2,Phase 2,EGFR mut pos osimertinib and platinum doublet,Amivantamab-lazertinib,Cohort A (exon 19/L858R) - ORR 33%; mDOR 9.6 mos; PFS 5 mos; OS 14 mos,,,,,,,Lung Cancer!56,
Lung Cancer,,Metastatic,,EGFR,MARIPOSA,Phase 3,EGFR mut first line phase 3,Amivantamab-lazertinib vs osi,"PFS 24 vs 17 mos, HR 0.7; ORR 86/85%; DOR 26 cs 17 mos; OS NR vs 37 mos, HR 0.75",,,,,,,Lung Cancer!57,
Lung Cancer,,Metastatic,,EGFR,MARIPOSA-2,Phase 3,EGFR mut post osi,Ami-laz-chemo vs chemo vs Ami-chemo,"PFS 8 vs 8 vs 4 mos (HR 0.48 and 0.44); 60% vs 36%); intracranial PFS 12.5 vs 8 mos HR 0.55; 3 year OS 60 vs 51%, HR 0.75; fewer heme AEs omitting lazertinib",,,,,,,Lung Cancer!58,
Lung Cancer,,Metastatic,,EGFR,HERTHENA-lung01,Phase 2,EGFR mut pos EGFR TKI and platinum doublet,Paritrumab-deruxtecan,"ORR 30%, DOR 6 mos, DCR 74%, OS 12 mos",,,,,,,Lung Cancer!59,
Lung Cancer,,Metastatic,,EGFR,ORIENT-31,Phase 3,EGFR mut; post EGFR TKI,platinum-pemetrexed +/- sintilimab +/ bevacizumab biosimilar,"Sintilimab-bev-chemo arm vs chemo: improved PFS 7 vs 4 mos, HR 0.42",,,,,,,Lung Cancer!60,
Lung Cancer,,Metastatic,,EGFR,KEYNOTE-789,Phase 3,EGFR mut; post EGFR TKI,Platinum+pemetrexed +/- pembro,PFS/OS NS,,,,,,,Lung Cancer!61,
Lung Cancer,,Metastatic,,EGFR,HARMONI-A,Phase 3,EGFR mut; post EGFR TKI,carbo-pem +/- ivonescimab,"PFS 7 vs 4 mos, HR 0.52; ORR 50% vs 36%; OS NS",,,,,,,Lung Cancer!62,
Lung Cancer,,Metastatic,,EGFR,ACHILLES,,"Uncommon EGFR mutations, excluding exon 20 and T790M",Afatinib vs carbo-pem,"PFS 11 vs 6 mos, HR 0.42;",Supports afatinib as standard therapy for uncommon EGFR mutations,,,,,,Lung Cancer!63,
Lung Cancer,,Metastatic,,EGFR,OptiTROP-Lung04,,mEGFR mut NSCLC post EGFR-TKI,Sacituzumab tirumotecan vs platinum-pemetrexed,"PFS 8 vs 4 mos, hR 0.49; OS HR 0.6; 18 mo OS 66 vs 48%;",,,,,,,Lung Cancer!64,
Lung Cancer,,Metastatic,,EGFR exon 20,PAPILLON,,"EGFR exon 20, 1st line platinum",carbo-pem+/-amivantamab,"PFS 11.4 vs 6.7 mos, HR 0.4; 18 mo PFS 31 vs 3%; ORR 73 vs 47%; OS HR trend 0.67",,,,,,,Lung Cancer!67,
Lung Cancer,,Metastatic,,EGFR exon 20,CHRYSALIS,,"EGFR exon 20, post 1st line platinum",amivantamab,ORR 40%; DOR 11 months,,,,,,,Lung Cancer!68,
Lung Cancer,,Metastatic,,ALK,J-ALEX,,Japanese NSCLC,Alectinib vs crizotinib,"PFS NR vs 10.2 mos, HR 0.34; OS NS; 5 year OS 60/64% NS; med OS 81 vs 54 mos (NS);",?lack of OS due to high crossover,,,,,,Lung Cancer!72,
Lung Cancer,,Metastatic,,ALK,ALEX,,1st line ALK+ NSCLC,Alectinib vs crizotinib,PFS 35 vs 11 mos; OS data not yet mature; time to CNS progression improved HR 0.16,,,,,,,Lung Cancer!73,
Lung Cancer,,Metastatic,,ALK,ALTA 1L,,1st line ALK + NSCLC,Brigatinib vs crizotinib,"PFS 24 vs 11 mos, HR 0.49; greater benefit in patients with brain mets",Comparable efficacy with alectinib;,,,,,,Lung Cancer!74,
Lung Cancer,,Metastatic,,ALK,B7461001,,ALK+ 2nd line after prev ALK inhibitor,Lorlatinib,"ORR post criz 73%, PFS 11.1 mos, DOR NR; post 2nd gen ALKi ORR 40%, PFS 6.9 mos, DOR 7 mos",,,,,,,Lung Cancer!75,
Lung Cancer,,Metastatic,,ALK,CROWN,,1st line ALK+ NSCLC,Lorlatinib vs crizotinib,"12 month PFS 78 vs 39%, HR 0.28; ORR 76 vs 58%; intracranial response in 82 vs 23%; more grade 3/4 events (mainly lipids); OS NS (HR 0.72) at interim",,,,,,,Lung Cancer!76,
Lung Cancer,,Metastatic,,ROS1,PROFILE 1001,,ROS1 NSCLC patients,Crizotinib,ORR 72%; DOR 17.6 Year mos; PFS 19 mos; OS 51 mos,,,,,,,Lung Cancer!79,
Lung Cancer,,Metastatic,,ROS1,Drilon et al,Phase 1/2,Analysis 3 phase 1/2 trials,Entrectinib,"ORR 77%; DOR 24.6 mos,;",,,,,,,Lung Cancer!80,
Lung Cancer,,Metastatic,,HER2,DESTINY-Lung01,Phase 2,Metastatic HER2+ NSCLC refractory to standard treatment,TDXd,ORR 55%; DOR 9.3 mos; mPFS 8 mos; OS 18 mos; ILD 26% incl 2 deaths,,,,,,,Lung Cancer!83,
Lung Cancer,,Metastatic,,HER2,DESTINY-Lung02,Phase 2,Metastatic HER2+ NSCLC refractory to standard treatment,TDXd 5.4 vs 6.4 mg/kg dosing,ORR 49% and 56%; grade 3 events in 39% and 58%; ILD in 13% and 28% (2% g≥3 in each arm),Safety favours the 5.4 mg/kg dosing; efficacy similar,,,,,,Lung Cancer!84,
Lung Cancer,,Metastatic,,BRAF,Planchard et al,,Pretreated BRAFV600E NSCLC,Dabrafenib+trametinib,ORR 63%; DCR 79%; PFS 9.7 mos,,,,,,,Lung Cancer!87,
Lung Cancer,,Metastatic,,BRAF,PHAROS,Phase 2,Phase II BRAF V600E,Encorafenib-binimetinib,"ORR 75%, DCR 64% at 24 weeks;",,,,,,,Lung Cancer!88,
Lung Cancer,,Metastatic,,MET,GEOMETRY-mono-1,,MET exon 14 skipping mutation patients,Capmatinib,ORR 41%; PFS 5.4 months;,,,,,,,Lung Cancer!91,
Lung Cancer,,Metastatic,,MET,Drilon et al,,MET exon 14 skipping mutation patients,Crizotinib,"ORR 32%, PFS 7.3 mos, DOR 9 mos",,,,,,,Lung Cancer!92,
Lung Cancer,,Metastatic,,RET,LIBRETTO-001,Phase 1/2,RET fusion NSCLC; treatment naive,Selpercatinib,"ORR 85%, DOR >6 mos in 90%, mDoR 20 mos; PFS 22 mos; intracranial ORR 85% with 27% CR",,,,,,,Lung Cancer!95,
Lung Cancer,,Metastatic,,RET,LIBRETTO-431,Phase 3,RET fusion NSCLC; treatment naive,chemo+/-selpercatinib,"PFS 25 vs 11 mos, HR 0.46; ORR 84 vs 65%; CNS HR 0.28",,,,,,,Lung Cancer!96,
Lung Cancer,,Metastatic,,RET,ARROW,,RET fusion NSCLC,Pralsetinib,"ORR 78%, mDOR 13 mos;",,,,,,,Lung Cancer!97,
Lung Cancer,,Metastatic,,RAS,Codebreak 100,Phase 2,≥2nd line; KRAS G12C mut,Sotorasib,"ORR 37%, PFS 6.8 mos; DOR 11 mos, OS 12.5 mos",,,,,,,Lung Cancer!100,
Lung Cancer,,Metastatic,,RAS,Codebreak 200,Phase 3,≥2nd line; KRAS mutant,Sotorasib vs docetaxel,"PFS 6 vs 5 mos, HR 0.66; OS NS (HR 1) but more deaths in Sotorasib arm",,,,,,,Lung Cancer!101,
Lung Cancer,,Metastatic,,RAS,KRYSTAL-1,Phase 1,"Phase 1-2, KRAS G12C, previously treated with chemo and IO",Adagrasib,ORR 43%; PFS 7 mos; OS 13 mos; intracranial response 33% (DCR 84%); ≥ grade 3 toxicity in 45% with 2 deaths,,,,,,,Lung Cancer!102,
Lung Cancer,SCLC,,,,IMpower 133,,1st line ES-SCLC,Carbo-etop +/- atezo,OS 12 vs 10 mos HR 0.7; ORR NS (60 vs 64%),,,,,,,Lung Cancer!107,
Lung Cancer,SCLC,,,,CASPIAN,,1st line ES-SCLC,Platinum-etop+/- durva,"OS 13 vs 10.5 mos, HR 0.75; PFS 11 vs 2.9 mos (check PFS)",Durva-tremi with chemo didn’t seem better than durva with chemo,,,,,,Lung Cancer!108,
Lung Cancer,SCLC,,,,ETER07,,1st line ES-SCLC,Chemo +/- benmelstobart/anlotinib,"OS 19 vs 12 mos, HR 0.61; PFS 7 vs 4 mos, HR 0.32",,,,,,,Lung Cancer!109,
Lung Cancer,SCLC,,,,Group Francais 01-13,,2nd line with relapse >90 days after 1st line,Carbo-etop vs topotecan,"carbo-etop had better PFS 4.7 vs 2.7 mos, HR 0.57; more heme toxicity with topotecan",,,,,,,Lung Cancer!110,
Lung Cancer,SCLC,,,,Takahashi,Phase 3,ES-SCLC; response to platinum doublet; neg brain MRI; Japan,PCI vs Observation,OS NS (11.6 mos vs 13.7 mos);,No PFS/OS benefit therefore MRI surveillance may be reasonable alternative to PCI in extensive stage SCLC,,,,,,Lung Cancer!111,
Lung Cancer,SCLC,,,,MAVERICK trial (SWOG),Phase 3,LS and ES SCLC,MRI surveillance vs PCI,Recruiting,,,,,,,Lung Cancer!112,
Lung Cancer,SCLC,,,,Trigo et al,Phase 2,SCLC; post platinum failure,Lurbinectedin,ORR 35%; DOR 5 mos;,Phase 3 in combination with doxorubicin was negative but another phase 3 planned/ongoing,,,,,,Lung Cancer!113,
Lung Cancer,SCLC,,,,O’Brien,,2nd line,Topotecan vs BSC,OS 26 vs 13 weeks; slowr QOL deterioration,,,,,,,Lung Cancer!114,
Lung Cancer,SCLC,,,,Von Pawel,,2nd line,Topotecan vs CAV,RR/TTP similar (18/24% and 13 weeks); better symptoms improvement with topotecan,,,,,,,Lung Cancer!115,
Lung Cancer,SCLC,,,,Checkmate-032,,>1 prior line,Nivo alone; Nivo vs Ipi (2 phases of trial),"Nivo - ORR 12%; DOR 3-42 mos;

Nivo vs Nivo-Ipi - ORR 12 vs 21%; 3 mo PFS 20 vs 32%, med OS 5.7 vs 4.7 mos",Higher response with dual CPI but more toxicity,,,,,,Lung Cancer!116,
Lung Cancer,SCLC,,,,Checkmate 331,,2nd line,Nivo vs chemo (topotecan or amrubicin),OS NS (7.5 vs 8.4 mos); possible benefit in patients with normal LDH and without liver mets; PDL1 not predictive,,,,,,,Lung Cancer!117,
Lung Cancer,Mesothelioma,,,,EMPHACIS,,1st line,cisplatin+/-pemetrexed,OS 12 vs 9 months; TTP 6 vs 4 months; ORR 41 vs 17%,,,,,,,Lung Cancer!121,
Lung Cancer,Mesothelioma,,,,MAPS,,1st line,Cis-pem +/- bev,"PFS 9 vs 7 months, HR 0.61; OS 18 vs 16 months, HR 0.77",,,,,,,Lung Cancer!122,
Lung Cancer,Mesothelioma,,,,CHECKMATE 743,Phase 3,1st line,Nivo-ipi vs platinum -pemetrexed,"OS 18 vs 14 months, HR 0.46; PFS NS; ORR ~40% both arms; 3 year OS 23 vs 15%",Degree of benefit much higher for nonepithelioid histology but significant for both,,,,,,Lung Cancer!123,
Lung Cancer,Mesothelioma,,,,CONFIRM,Phase 3,2nd line,nivolumab vs placebo,"PFS 3 vs 1.8 mos, HR 0.67; OS 10.6 vs 7 mos, HR 0.69",,,,,,,Lung Cancer!124,
Lung Cancer,Mesothelioma,,,,ETOP 9-15 PROMISE-meso,Phase 3,2nd line,Pembro vs gem or vinorelbine,ORR 22 vs 6%; similar PFS/OS (3 and 11 months respectively),,,,,,,Lung Cancer!125,
Lung Cancer,Mesothelioma,,,,BEAT-meso,Phase 3,1st line,Chemo-bev +/- atezo,Recruiting,,,,,,,Lung Cancer!126,
Lung Cancer,Mesothelioma,,,,DREAM3R,Phase 3,1st line phase 3,Chemo+/-durva,Recruiting,,,,,,,Lung Cancer!127,
Lung Cancer,Mesothelioma,,,,RAMES,Phase 2,2nd line phase 2,Gem +/- ramucirumab,OS 14 vs 7.5 mos (HR 0.71),,,,,,,Lung Cancer!128,
Lung Cancer,Mesothelioma,,,,DeLLphi-301,Phase 2,≥1 line,Tarlatamab,ORR 40% in 10 mg and 32% in 100 mg groups; 6 mo DOR 59%; PFS 5 mos in 10 mg; 9 mo OS ~675,Bispecific DLL3 and CD3,,,,,,Lung Cancer!129,
Lung Cancer,Mesothelioma,,,,DeLLphi-304,,2nd line,Tarlatamab vs chemo,"OS 13.6 vs 8.3 mos, HR 0.6",,,,,,,Lung Cancer!130,
Melanoma,,Adjuvant,,,Checkmate 238,,"Completely resected stage IIIB, IIIC, IV disease",Nivo vs Ipi (1 year),"RFS 61 vs 24 mos, HR 0.76; 9 year RFS 44 vs 37%; 9 year OS 69 vs 65% (NS)",,,,,,,Melanoma!4,
Melanoma,,Adjuvant,,,KEYNOTE-054,,Completely resected stage III,Pembro vs placebo,"3 year RFS 64 vs 44%, HR 0.56; benefit clear in IIIb/IIIC; only trend in IIIA disease; grade 3 toxicity in 14 vs 3%",,,,,,,Melanoma!5,
Melanoma,,Adjuvant,,,KEYNOTE-716,,Resected IIB/IIC,Pembro vs placebo,RFS at 27 mos HR 0.64; 24 mo DFS 88 vs 82%;OS not available,?practice changing without OS results,,,,,,Melanoma!6,
Melanoma,,Adjuvant,,,IMMUNED,Phase 2,Stage IV melanoma NED; 1 year adjuvant,Nivo-ipi vs nivo vs placebo,4 year RFS 64 vs 31 vs 15%; OS 0.41 for ipi-nivo vs PBO but NS for nivo vs PBO; 4 year OS 84 vs 73 vs 63%,,,,,,,Melanoma!7,
Melanoma,,Adjuvant,,,PRADO,,IIIB/IIIC; neoadjuvant treatment of marked lymph node before resection,Nivo-ipi x 2 -> resection,Path response 71%; pCR/near pCR in 61%; radiological response in 45%,,,,,,,Melanoma!8,
Melanoma,,Adjuvant,,,COMBI-AD,Phase 3,stage III melanoma; BRAF +,Dabrafenib-trametinib vs placebo x 1 year,"5 year RFS 52 vs 36%, HR 0.51; distant met free survival 65 vs 54%, HR 0.55; 3 year OS 86 vs 77%; estimated cure rate 54 vs 37%",,,,,,,Melanoma!9,
Melanoma,,Adjuvant,,,S1801,Phase 2,Stage III/IV resectable melanoma,Neoadjuvant vs adjuvant pembrolizumab,2 year EFS 72 vs 49%; deaths 14 vs 22 (NS so far),,,,,,,Melanoma!10,
Melanoma,,Adjuvant,,,Keynote 942,Phase 2,Stage III/IV resectable melanoma,Pembro+/- mRNA 4157,RFS HR 0.56; similar grade 3 AEs,,,,,,,Melanoma!11,
Melanoma,,Metastatic,,,Hodli,,Previously treated advanced melanoma (chemo or IL2),Ipilimumab+/-gp100 vs gp100,"OS 10 vs 6.4 mos, HR 0.68; 2 year OS 22% for ipi",,,,,,,Melanoma!15,
Melanoma,,Metastatic,,,CA184-024,Phase 3,Previously untreated metastatic melanoma; n=502,Dacarbazine +/- Ipi,"OS 11.2 vs 9.1 mo, HR 0.72, p<0.001; 5-y OS 18.2 vs 8.8%; grade 3-4 AEs 56 vs 28%","Robert et al, NEJM 2011; 5-y OS update: PMID 25713437","OS 11.2 vs 9.1 mo, HR 0.72, p<0.001",21639810,,,,Melanoma!16,
Melanoma,,Metastatic,,,KEYNOTE-006,,Treatment naive advanced melanoma,Pembrolizumab vs ipilimumab,"OS 33 vs 16 mos; 5 year OS 39 vs 31%, HR 0.73; PFS 8.4 vs 3.4 mos, 4 year PFS 23 vs 7%, HR 0.57; ORR 42 vs 17%; CR 14 vs 3%",Pembro was stopped after 2 years (and option of stopping after 6 mos in patients with CR);,,,,,,Melanoma!17,
Melanoma,,Metastatic,,,Checkmate 066,,Treatment Naive advanced melanoma,Nivo vs dacarbazine,OS 38 vs 11 mos; 3 year OS 51 vs 22%; ORR 40 vs 14%;,,,,,,,Melanoma!18,
Melanoma,,Metastatic,,,Checkmate 067,,Treatment naive advanced melanoma,Nivo-ipi vs nivo vs ipi,"5 year oS 52 vs 44 vs 26%; 5 year PFS 36 vs 29 vs 8%; 

grade ≥3 toxicities in 59 vs 23 vs 28%",Statistical comparisons were significant for nivo arms against ipi alone control; OS between nivo arms did not reach significance (HR 0.83; p NS),,,,,,Melanoma!19,
Melanoma,,Metastatic,,,Checkmate 511,,Phase 3b/4,Nivo1/Ipi3 vs Nivo3/ipi 1,"G3-5 AEs 34 vs 48%, OR 0.55; efficacy results similar at 3 years",Better toxicity with flipped dosing and efficacy seems similar but limited follow up,,,,,,Melanoma!20,
Melanoma,,Metastatic,,,RELATIVITY 047,Phase 3,Treatment naive metastatic melanoma,Nivolumab +/- relatlimab,"PFS 10 vs 4.6 mos, HR 0.75; 12 mo PFS 48 vs 36%; OS 51 vs 34 mos (HR 0.8)",First LAG3 inhibitor study showing benefit (although OS benefit not reached),,,,,,Melanoma!21,
Melanoma,,Metastatic,,,IMspire150,Phase 3,Unresectable stage IIc/IV BRAFV600E mutant melanoma; first line,Vemurafenib/cobimetinib +/-atezolizumab,"PFS 15 vs 11 mos, HR 0.78); OS NS at 2nd interim (39 vs 26 mos)",,,,,,,Melanoma!22,
Melanoma,,Metastatic,,,DREAMseq,Phase 3,metastatic; BRAFmut,Dabrafenib-trametinib followed by ipi-nivo or visa versa,2 year OS 72 vs 52% favouring ipi/nivo first;,,,,,,,Melanoma!23,
Melanoma,,Metastatic,,,SECOMBIT,Phase 2,BRAFmut+; unresectable stage 3/4,Encorafenib/binimetinib vs ipi-nivo vs sandwich,2 year OS 65 vs 73 vs 69%; ORR first line 87 vs 45 vs 82%;,NB: sandwich approach had 8 week targeted therapy induction,,,,,,Melanoma!24,
Melanoma,,Metastatic,,,OTPiM,Phase 3,unresectable injectable melanoma,Talimogene laherparepvec vs GM-CSF,"Durable response rate 16 vs 2 %, OR 9; OS 23 s 19 mos, HR 0.79",Most benefit in IIIB-IVM1a,,,,,,Melanoma!25,
Melanoma,,Metastatic,,,IMCgp100-202,Phase 3,Uveal melanoma; HLA-A*02:01–positive,Tebentafusp vs investigators choice,"OS 21.7 v 16 mos, HR 0.51; 3 year OS 27 vs 18%","Tebentafusp redirets T cells to gp100+ cells; bispecific GP100xCD3; investigators choice was pembro, ipi or dacarbazine",,,,,,Melanoma!26,
Melanoma,,Metastatic,,,COMBI-d,Phase 3,1st line,Dabrafenib +/-trametinib,"3 year PFS 22 vs 12%, HR 0.71; 3 year OS 44 vs 32%, HR 0.75; ORR 68 vs 55%",,,,,,,Melanoma!27,
Melanoma,,Metastatic,,,M14TIL,Phase 3,86% refractory to PD1 therapy,TILs vs ipi,"PFS 7 vs 3 mos, HR 0.5; ORR 49 vs 21%; OS 26 vs 19 mos",,,,,,,Melanoma!28,
Melanoma,,Metastatic,,,C-144-01,Phase 2,≥1 line,Lifileucel,"ORR 32%, DOR NR",FDA approved,,,,,,Melanoma!29,
Melanoma,,Metastatic,,,LEAP-004,Phase 2,2nd line therapy,Pembro-lenvatinib,ORR 33% in prev PDL1 cohort; 21% in overall cohort,,,,,,,Melanoma!31,
Melanoma,,Metastatic,,,RELATIVITY-020,Phase 1,"Phase 1/2a, 2nd line after PD1/L1 regimen (with or without ipi",Nivo-relatlimab,"ORR 12%, 6 mo PFS 29%, DOR NR",,,,,,,Melanoma!32,
Melanoma,,Metastatic,,,S1616,Phase 2,PD1 refractory,Ipi vs nivo/ipi,PFS HR 0.63; 6 month PFS 34 vs 13%,,,,,,,Melanoma!33,
Melanoma,Cutaneous SCC,,,,Gross et al.,Phase 2,resectable stage II; III; IV (M0),Cemiplimab x 4 neoadjuvant,"Path CR in 51%, major path response in 13%; grade ≥3 AEs in 18%",,,,,,,Melanoma!36,
MPN,Myelofibrosis,,,,COMFORT-1,,High risk PMF; spleen volume decrease by ≥35%,Rux vs placebo,At 24 weeks 42 vs 1%; 50% improvement in symptom score 46 vs 5%; 13 vs 24 deaths;,,,,,,,MPN!4,
MPN,Myelofibrosis,,,,COMFORT-2,,Int 1 or High risk PMF; spleen volume decrease by ≥35%,Rux vs BAT,Spleen reduction in 28 vs 5%,"5 year OS 56 vs 44%, HR 0.67 (NS) but there was crossover",,,,,,MPN!5,
MPN,Myelofibrosis,,,,Jakarta1,Phase 3,primary endpoint spleen reduction,Federatinib 400 or 500 or placebo,higher risk PMF; Week 24 spleen reduction in 36% and 40% vs 1%; symptom response 36%/34% vs 7%,"Anemia, GI symptoms, increased LFTs, creat, lipase; encephalopathy in 4 patients",,,,,,MPN!6,
MPN,Myelofibrosis,,,,Jakarta2,Phase 2,Prev treated with ruxolitinib (resistant or intolerant); int or high risk MF; spleen reduction ≥35% was primary endpoint,Federatinib 400/d,31% SVRR; symptom response 27%; grade 3/4 anemia and thrombocytopenia in 38 and 22%,,,,,,,MPN!7,
MPN,Myelofibrosis,,,,FREEDOM-2,,Int-2/high-risk MF relapsed/refractory or intolerant to ruxolitinib; n=201,Fedratinib vs BAT,"SVR35 at end of cycle 6: 36 vs 6% (30% difference, 20-39, one-sided p<0.0001); grade >=3 treatment-related AEs 40 vs 12%; thiamine below normal in 21%",,"SVR35 at EOC6 36 vs 6%, p<0.0001",39265613,,,,MPN!8,
MPN,Myelofibrosis,,,,SIMPLIFY1,Phase 3,primary endpoint spleen reduction,Momelotinib vs rux,"SVRR NS (27 vs 29%), symptoms NS 28 vs 42%",Peripheral neuropathy and myelosuppression most common with momelotinib; anemia improved and more transfusion independence in SIMNPLIGY studies,,,,,,MPN!9,
MPN,Myelofibrosis,,,,SIMPLIFY2,Phase 3,prev rux treatment,Momelotinib vs placebo,SVRR NS (7 vs 6%); symptom score improvement in 26% vs 6%,,,,,,,MPN!10,
MPN,Myelofibrosis,,,,MOMENTUM,Phase 3,"JAK-inhibitor-exposed, symptomatic, anaemic int/high-risk MF; n=195",Momelotinib vs Danazol,"TSS response at wk 24: 25 vs 9% (difference 16%, 6-26, p=0.0095); transfusion and spleen endpoints also favoured momelotinib",,"MFSAF TSS response at wk 24, 25 vs 9%, p=0.0095",36709073,,,,MPN!11,
MPN,Myelofibrosis,,,,PERSIST-2,,MF with thrombocytopenia; JAKi pretreatment allowed,Pacritinib vs BAT (including rux),SVRR 22 vs 3%; Symptoms reduction 32% vs 14%;,Pacritinib less myelosuppressive than ruxolitinib,,,,,,MPN!12,
MPN,Myelofibrosis,,,,PACIFICA,,MF with plts <50,"Pacritinib vs physician’s choice (low dose rux, len, steroids or HU)",Not yet reported (NCT03165734); primary endpoint SVR35 at wk 24. Post-marketing commitment for the 2022 accelerated approval,No results in PubMed as of Sept 2026,,,,,,MPN!13,
MPN,Myelofibrosis,,,,IMPACTMF,Phase 3,refractory MF,imetelstat,opening 2021,,,,,,,MPN!14,
MPN,Myelofibrosis,,,,MANIFEST,Phase 2,Multicohort phase 2 study,Pelabresib,Palebresib+ruxolitinib: SVR35 68% at 24 weeks; 56% had total symptom score reduction ≥50%,,,,,,,MPN!15,
MPN,Myelofibrosis,,,,MANIFEST2,Phase 3,MF; ≥Int-1; splenomegaly; symptoms,Ruxolitinib +/- pelabresib,SVR 66 vs 35%; TSS improved; improved fibrosis and anemia with combination,,,,,,,MPN!16,
MPN,Myelofibrosis,,,,TRANSFORM1,Phase 3,MF; ≥Int-2 with splenomegaly and symptoms; no prior JAKi,Ruxolitinib+/-Navitoclax,"SVR 63 vs 31%; DOR NR vs 19 mos; g3 AEs similar (85 vs 70% - mainly cytopenias)), deaths similar",,,,,,,MPN!17,
MPN,Polycythemia vera,,,,CYTO-PV,,"JAK2 pos PV; treated with phleb, HU or both",Hct <45% vs 45-50%,Shorter time to death from CV cause or major thrombotic event (HR 3.9; 3% vs 10%),,,,,,,MPN!20,
MPN,Polycythemia vera,,,,ECLAP,,"PV, no clear indication or contraindication to ASA;",ASA 100 mg vs placebo,Combined thrombosis/CV death endpoint RR 0.4; (although no reduction in a similar combined endpoint); no increase in major bleeding;,,,,,,,MPN!21,
MPN,Polycythemia vera,,,,PVSG,,Compared to historical controls,HU vs phleb (historical controls),Thrombosis in 10 vs 33%,,,,,,,MPN!22,
MPN,Polycythemia vera,,,,MPD-RC 112,Phase 3,high risk ET and PV,PEG IFN vs HU,CR at 12 mos NS (~20%); ORR NS (78 vs 70%); more g 3/4 toxicity with IFN; lower allele burden with IFN at 24 mos but more histological response with HU,Both are good treatments,,,,,,MPN!23,
MPN,Polycythemia vera,,,,RESPONSE,,PV with splenomegaly and HU resistance or intolerance,Rux vs BAT,combined endpoint phleb independence and SVRR (21 vs 1%); better symptom control 49 vs 5%; fewer thrombotic events 1 vs 6 in first 32 weeks;,,,,,,,MPN!24,
MPN,Polycythemia vera,,,,RESPONSE-2,,PV without splenomegaly and HU resistance or intolerance,Rux vs BAT,22% sustained oct control and 12% CHR; weight gain more common in ru group,,,,,,,MPN!25,
MPN,Polycythemia vera,,,,PROUD-PV; CONTINUATION-PV,,< 3 years prev HU or no prev cytoreduction; CHR and normalization of spleen size was primary endpoint,Ropeginterferon vs HU,RR 21 vs 28% in PROUD-PV (not non-inferior) but improved rates in the continuation study; higher long-term molecular response,Progression seems to be lower with ropeg (0.2% vs 1%/patient-year - ASH 2020),,,,,,MPN!26,
MPN,Polycythemia vera,,,,REVIVE,Phase 2,PV,Rusfertide vs placebo,RR 60 vs 12%; grade 3 AEs in 13%,,,,,,,MPN!27,
MPN,Polycythemia vera,,,,VERIFY,Phase 3,PV,Rusfertide vs placebo,"Reduced phlebotomy, improved clinical response",,,,,,,MPN!28,
MPN,Essential thrombocythemia,,,,Cortelazzo,,ET and high risk thrombosis; target plts < 600,HU or no myelosuppressive therapy,"At 27 mos, thrombosis <4% vs 24%; at 73 mos, 9% vs 45% thrombosis;",,,,,,,MPN!31,
MPN,Essential thrombocythemia,,,,Harrison,,ET and high risk thrombosis; composite primary endpoint,Anagrelide vs HU,OR higher with anagrelide (1.57). Increased arterial thrombosis and hemorrhage and transformation to MF but lower rates VTE c/w HU,HU superior to anagrelide (and better tolerated),,,,,,MPN!32,
MPN,Essential thrombocythemia,,,,ANAHYDRET,,"Noninferiority study, WHO defined ET with high risk",anagrelide vs HU,Anagrelide non-inferior for thrombohemorrhagic complications; cardiac events more common with anagrelide,,,,,,,MPN!33,
MPN,Essential thrombocythemia,,,,MAJIC-ET,Phase 2,ET resistant or intolerant to hydroxycarbamide; n=110,Rux vs BAT,"CR within 1 y 47 vs 44%, NS; similar thrombosis, hemorrhage and transformation at 2 y; some improvement in symptoms",Did not support further development ruxolitinib in ET,"CR within 1 y 46.6 vs 44.2%, p=0.40",29074595,,,,MPN!34,
MPN,Essential thrombocythemia,,,,DALIAH,,Newly diagnosed untreated MPN,HU vs IFNa (>60) or IFNa-2A or 2B in < 60,MR rate similar HI vs IFNa (~20%); Lower JAK2 burden with IFN; Patients remaining on treatment had deeper remission with IFNa (more discontinuations though),,,,,,,MPN!35,
MPN,Myeloid neoplasm with eosinophilia,,,,FIGHT-203,Phase 2,FGFR1 fusion/rearragement,Pemigatinib,65% CR; 73% CCyR,,,,,,,MPN!38,
Myeloma,,Smoldering,,,ECOG E3A06,,"SMM, intermediate or high risk with Mayo 2018 criteria",Lenalidomide vs observation,"2 year PFS 93 vs 76%, HR 0.28; benefit clearer in high risk subgroup; OS immature (2 vs 4)","Used 20/2/20 for ris stratification (high risk =2-3 RFs, Int risk = 1 RF, Low risk =0RFs)",,,,,,Myeloma!4,
Myeloma,,Smoldering,,,QuiRedex,,High risk SMM,Len-dex vs observation,"PFS NR vs 23 mos, HR 0.24; MM in 39 vs 86%; 3 year OS 94 vs 80%, HR 0.43)",Requires flow cytometry to define high risk group in 50% of patients,,,,,,Myeloma!5,
Myeloma,,Smoldering,,,ASCENT,Phase 2,high risk SMM,dara-KRd 1 year -> Rd maintenance 1 year,"ORR 97%, MRD neg 84%; 3 year PFS 90%;",,,,,,,Myeloma!6,
Myeloma,,Smoldering,,,GEM-CESAR,Phase 2,high risk SMM,KRdx6 -> ASCT -> KRdx2-> Rdx24,MRD neg 68% after ACST but decreased to 43% at 4 years,,,,,,,Myeloma!7,
Myeloma,,1st line,Transplant-eligible,,IFM2013-04,,1st line pre-ASCT,VTD vs VCD,Higher RR with VTD; PFS and OS immature,,,,,,,Myeloma!12,
Myeloma,,1st line,Transplant-eligible,,EVOLUTION,,1st line pre-ASCT,VRd vs VCyD vs VCyDR,No advantage of 4 drug vs 3 drug regimens,,,,,,,Myeloma!13,
Myeloma,,1st line,Transplant-eligible,,CASSIOPEIA,,1st line pre-ASCT; dara maintenance x 2 years in those with ≥PR,VTD+/-Dara,"18 mo PFS 93 vs 85%, HR 0.47; OS immature but HR 0.43; 

dara maintenance improved PFS (NR vs 47 mos, HR 0.53) but only in those not receiving up-front dara",,,,,,,Myeloma!14,
Myeloma,,1st line,Transplant-eligible,,GRIFFIN,Phase 2,1st line pre-ASCT,VRd+/-dara,Higher ORR and deeper responses; PFS immature (24 mo 96 vs 90%; 3 year 89 vs 81%),,,,,,,Myeloma!15,
Myeloma,,1st line,Transplant-eligible,,PERSEUS,Phase 3,1st line pre-ASCT,VRd+R maintenance vs DVRd+DR maintenance,"48 mo PFS 84 vs 68%, HR 0.42; CR 88 vs 70%; MRD neg 75 vs 48%; More neutropenia and thrombocytopenia",,,,,,,Myeloma!16,
Myeloma,,1st line,Transplant-eligible,,GMMG HD7,Phase 3,1st line pre-ASCT phase 3,RVd +/-isatuximab,MRD after induction 50 vs 36% (OR 1.83); similar grade 3 toxicity (61/63%),,,,,,,Myeloma!17,
Myeloma,,1st line,Transplant-eligible,,ISKIA,Phase 3,1st line pre-ASCT phase 3; primary endpoint MRD 10exp-5 after consolidation,KRd +/- isatuximab,"MRD neg 77 vs 67%, OR 1.67); MRD 10exp-6 67 vs 48%; PFS NS (95% at 1 year); similar AEs; retained benefit in high risk group",,,,,,,Myeloma!18,
Myeloma,,1st line,Transplant-eligible,,FORTE,Phase 3,1st line pre-ASCT phase 3,KRD4->ASCT->KRD4 vs KRD12 vs KCD4->ASCT->KRD4; second randomisation maintenance KR vs R,"VGPR 70 vs 53% KRD vs KCD, OR 2.14; 4-y PFS 69 vs 56 vs 51% (KRD-ASCT better, HR 0.61 and 0.54); 4-y OS NS (76-86%); maintenance 3-y PFS 75 vs 65%, HR 0.64",,,,,,,Myeloma!19,
Myeloma,,1st line,Transplant-eligible,,MASTER,Phase 2,Newly diagnosed MM enriched for high-risk cytogenetics; n=123,"Dara-KRd induction, ASCT, MRD-adapted consolidation with treatment cessation after 2 consecutive MRD-negative assessments",80% reached MRD negativity (<10-5); 71% had 2 consecutive negatives and stopped therapy; 2-y PFS 87% overall but 58% with 2+ high-risk abnormalities,"MRD-guided cessation looks safe with 0-1 high-risk abnormality, not with 2+",MRD negativity 80%,34898239,,,,Myeloma!20,
Myeloma,,1st line,Transplant-eligible,,SWOG 1211,Phase 2,Newly diagnosed transplant eligible MM; high risk; no transplant 8 cycles RVD with different maintenance arms,RVDx8 with R maintenance +/- elotuzumab,PFS NS (31 mos); OS NS (68mos),,,,,,,Myeloma!21,
Myeloma,,1st line,Transplant-eligible,,DETERMINATION,Phase 3,TE MM,RVD R maintenance +/-transplant,"PFS 46 vs 68 mos, HR 1.53); 5 year OS NS (79 vs 80%);",,,,,,,Myeloma!22,
Myeloma,,1st line,Transplant-eligible,,DSM XIII,,RCT TE 60-75 years old,RD->R maintenance +/-ASCT,PFS NS (40/33 mos) and OS NS (87/96 mos),Adding ASCT (Mel 140) not superior to continuous Rd,,,,,,Myeloma!23,
Myeloma,,1st line,Transplant-ineligible,,ECOG E4A03,,1st line MM,RD vs Rd,Higher OS with Rd at 1 and 2 years (96 vs 87% and 87 vs 75%),,,,,,,Myeloma!26,
Myeloma,,1st line,Transplant-ineligible,,SWOG S0777,,1st line TI MM,VRd vs Rd,"PFS 43 vs 30 mos, HR 0.71; OS 75 vs 64 mos, HR 0.71;",,,,,,,Myeloma!27,
Myeloma,,1st line,Transplant-ineligible,,FIRST,,1st line TI MM,"Rd, vs Rd18 vs MPT","RD vs MPT: PFS 26 vs 22 mos, HR 0.69; OS 59 vs 49 mos, HR 0.78; ≥VGPR 48%;

RD vs Rd18: PFS 70 vs 40 mos; OS NS",,,,,,,Myeloma!28,
Myeloma,,1st line,Transplant-ineligible,,MAIA,,TI MM,DRd vs Rd,5 year PFS 53 vs 29%; 5 year OS 66 vs 53%; more infection and pneumonia; ;≥CR in 48 vs 25%,,,,,,,Myeloma!29,
Myeloma,,1st line,Transplant-ineligible,,ENDURANCE,Phase 3,first line TI myeloma; excluded high risk MM,KRD vs VRD; 2nd randomization to len indefinite vs 2 years maintenance,"PFS NS (34 mos), 3 year OS NS (85%); more neuropathy with VRD; more CHF/HTN/AKI with KRD",,,,,,,Myeloma!30,
Myeloma,,1st line,Transplant-ineligible,,CLARION,,First line TI MM,KMP vs VMP,"PFS NS (22 mos), OS NS",,,,,,,Myeloma!31,
Myeloma,,1st line,Transplant-ineligible,,ALCYONE,,First line TI MM,VMP+/-dara,36 mo OS 78% vs 68% HR 0.6; {FS HR 0.42,Non-standard backbone; lack of dara in second line in control arm,,,,,,Myeloma!32,
Myeloma,,1st line,Transplant-ineligible,,IMROZ,,First line TI MM,VRd +/- isatuximab,"60 mo PFS 63% vs 45%, HR 0.60; CR 74 vs 64%; MRD neg 55 vs 41%;",,,,,,,Myeloma!33,
Myeloma,,1st line,Transplant-ineligible,,BENEFIT,,"First line TI MM, 65-79 years old",IsaRd +/- bortezomib,"MRD neg at 18 mos 26% vs 53%, OR 3.16; CR 58 vs 33%;",,,,,,,Myeloma!34,
Myeloma,,1st line,Transplant,,IFM 2009,,Newly diagnosed MM ≤65 (early vs delayed transplant with VRD induction and 1 year len maintenance),"VRD x 3 ->VRD x 5 with delayed transplant vs early transplant, VRD x 2; all had len maintenance x 1 year","ASCT produced deeper remission (CR 59 vs 48%; MRD pos 65 vs 79%), longer PFS (50 vs 36 mos); 4 year OS NS (81%)",Delayed ASCT did not impact OS; most deferred patients could have transplant later,,,,,,Myeloma!37,
Myeloma,,1st line,Transplant,,BMT CTN 0702,,Symptomatic MM within 12 mos of starting therapy; All patients received len maintenance,ASCT vs tandem ASCT vs ASCT-RVDx4,PFS and OS similar amongst all arms,Tandem ASCT or consolidation not favoured; single ASCT remains standard,,,,,,Myeloma!38,
Myeloma,,1st line,Transplant,,McCarthy et al meta-analysis,,"post transplant maintenance with len, 4 studies",Len maintenance vs observation,"PFS 53 vs 24 mos, HR 0.48; 7 year OS 62 vs 50%, HR 0.75; higher SPM 6.1 vs 2.8%;",,,,,,,Myeloma!39,
Myeloma,,1st line,Transplant,,TOURMALINE MM3,,≥PR after induction and ASCT,Ixazomib maintenance vs observation,"PFS 27 vs 21 mos, HR 0.72",Degree of benefit less than what was seen with len,,,,,,Myeloma!40,
Myeloma,,1st line,Transplant,,HOVON-65/GMMG-HD4,,Trial of bort before and after ASCT,VAD->ASCT->thal vs PAD->ASCT->bort,"Improved PFS and OS with bort but benefit seemed mainly to come from high risk group (OS at 54 mos NR vs 24 mos, HR 0.36)",Rationale for bort maintenance in high risk patients,,,,,,Myeloma!41,
Myeloma,,1st line,Transplant,,EMN12/HO129,Phase 2,Plasma cell leukemia,KRDx4-> tandem ASCT vs alloSCT (both with some KRD consolidation and KR maintenance),Ongoing,,,,,,,Myeloma!42,
Myeloma,,1st line,Transplant,,ATLAS,Phase 3,Post transplant,KRd x 36 mos->R to progression vs R to progression,"PFS 59 vs 41 mos, HR 0.51;",Only interim analysis presented; supports Len alone in standard risk given greater toxicities with KRd,,,,,,Myeloma!43,
Myeloma,,1st line,Maintenance (transplant-ineligible),,MM-015,,TI ineligible newly diagnosed MM,MPR-R vs MPR vs MP,PFS 31 vs 14/13 mos; OS NS,,,,,,,Myeloma!48,
Myeloma,,1st line,Maintenance (transplant-ineligible),,Palumbo meta-analysis,,TI ineligible; newly diagnosed; maintenance was with len in 2/3 trials and one used bort and thal,Maintenance vs obs,"PFS 32 vs 16 mos, HR 0.47; PFS2 55 vs 40 mos, HR 0.61; 4 year OS 69 vs 60%, HR 0.69",,,,,,,Myeloma!49,
Myeloma,,1st line,Maintenance (transplant-ineligible),,Myeloma XI,,Newly diagnosed MM,Maintenance len vs observation,"PFS 39 mos vs 20 mos, HR 0.46; 3 year OS NS; 
In TE: 3 year OS 87.5 vs 80.2%, HR 0.69;
In TI: 3 year OS NS; PFS was improved with PFS 0.44",,,,,,,Myeloma!50,
Myeloma,,Relapsed/refractory,,,POLLUX,,≥1 prior therapy,Rd+/-dara,"24 mos PFS 68 vs 41%, HR 0.41; OS 68 vs 52 mos, HR 0.73; deeper and more frequent responses",,,,,,,Myeloma!53,
Myeloma,,Relapsed/refractory,,,CASTOR,,R/R MM,Vd+/-dara,"PFS 16.7 vs 7.1 mos, HR 0.31; OS 50 vs39 mos HR 0.74",,,,,,,Myeloma!54,
Myeloma,,Relapsed/refractory,,,CANDOR,Phase 3,RRMM after 1-3 prior lines; n=466,Kd+/-dara,"At median 28 mo: PFS 28.6 vs 15.2 mo, HR 0.59 (0.45-0.78); OS immature; fatal AEs 9 vs 5%",Updated PFS: PMID 34871550,"PFS NR vs 15.8 mo, HR 0.63 (95% CI 0.46-0.85), p=0.0027",32682484,,,,Myeloma!55,
Myeloma,,Relapsed/refractory,,,MM-03,Phase 3,RRMM after ≥2 prior lines including bortezomib and lenalidomide; n=455,Pom + low-dose dex vs high-dose dex,"PFS 4.0 vs 1.9 mo, HR 0.48 (0.39-0.60), p<0.0001",RR in len refractory is ~30%,"PFS 4.0 vs 1.9 mo, HR 0.48 (95% CI 0.39-0.60), p<0.0001",24007748,,,,Myeloma!56,
Myeloma,,Relapsed/refractory,,,Baz et al,Phase 2,Lenalidomide-refractory MM; n=70 randomised,Pd+/-cyclo,"ORR 65 vs 39%, p=0.035; PFS 9.5 vs 4.4 mo, p=0.106 (NS)",,"ORR 64.7 vs 38.9%, p=0.035",26932802,,,,Myeloma!57,
Myeloma,,Relapsed/refractory,,,APOLLO,Phase 3,prev treatment with len and PI,Pom-dex+/-dara,"PFS 12.4 vs 6.9 mos, HR 0.63; OS immature; deeper responses with dara",,,,,,,Myeloma!58,
Myeloma,,Relapsed/refractory,,,LYNX,Phase 2,dara pretreated,Kd+/-dara,"Stopped at interim futility analysis; >=VGPR 45.5% (D-Kd) vs 40.9% (Kd), OR 1.2 (90% CI 0.59-2.46), p=0.68; n=88",Evaluating role of dara post dara progression,">=VGPR 45.5 vs 40.9%, p=0.6757",41041907,,,,Myeloma!59,
Myeloma,,Relapsed/refractory,,,ENDEAVOR,,1-3 prior therapies,Kd vs Vd,"PFS 19 vs 9 mos, HR 0.53; OS 48 vs 39 mos, HR 0.76",S1304 results suggest can use lower/less toxic dose if using twice weekly dosing,,,,,,Myeloma!60,
Myeloma,,Relapsed/refractory,,,S1304,Phase 2,randomized phase 2 of different carfilzomib doses,Carfilzomib 27 vs 56 with dex,ORR NS; PFS NS (5 vs 8 mos); OS NS (26 vs 22 mos),Lower dose seems equivalent with lower cost,,,,,,Myeloma!61,
Myeloma,,Relapsed/refractory,,,ELOQUENT-2,Phase 3,1-3 prior lines of therapy,Rd+/-elotuzumab,"PFS 19.4 vs 14.9 mos, HR 0.70; ORR 79 vs 66%; OS 48 vs 40 mos, HR 0.78",,,,,,,Myeloma!62,
Myeloma,,Relapsed/refractory,,,ELOQUENT-3,,"R/R RCT, ref len and bort",Pd+/-elotuzumab,"PFS 10 vs 4.7 mos, HR 0.54; OS 30 vs 17 mos, HR 0.59",,,,,Only 3 patients with prior daratumumab,,Myeloma!63,
Myeloma,,Relapsed/refractory,,,ICARIA-MM,,"R/R MM, prev len and PI",Pd+/-isatuximab,"PFS 11.5 vs 6.5 mos, HR 0.6; OS NS but trend at 12 mos;",,,,,,,Myeloma!64,
Myeloma,,Relapsed/refractory,,,IKEMA,,1-3 prior lines,Kd+/-isatuximab,"At 21 mos PFS NR vs 19 mos, HR0.53; deeper responses; OS immature",,,,,,,Myeloma!65,
Myeloma,,Relapsed/refractory,,,Tourmaline-MM1,,1-3 prior therapies; not refractory ro len or PI,Rd+/-ixazomib,"PFS 21 vs 15 mos, HR 0.74; DOR 21 vs 15 mos; OS immature",,,,,,,Myeloma!66,
Myeloma,,Relapsed/refractory,,,ASPIRE,,Relapsed MM,Rd+/-carfilzomib,"PFS 26 vs 17 mos, HR 0.66; OS 48 vs 40 mos, HR 0.79; improved QOL",,,,,,,Myeloma!67,
Myeloma,,Relapsed/refractory,,,OPTIMISMM,,Progressed on len,Vd+/-pom,"PFS 11 vs 7 mos, HR 0.61; OS immature;",,,,,,,Myeloma!68,
Myeloma,,Relapsed/refractory,,,PANORAMA 1,,1-3 prior therapies,Vd+/-panobinostat,PFS 12 vs 8 mos; OS immature; more serious AEs 60 vs 42%; severe diarrhea in 25%; more deaths on therapy with panobinostat,,,,,,,Myeloma!69,
Myeloma,,Relapsed/refractory,,,STORM,Phase 2,quad or penta refractory (2 parts),Selinexor-dex,ORR 21-26%; DOR 4-5 mos;,Lots of toxicity in trials,,,,,,Myeloma!70,
Myeloma,,Relapsed/refractory,,,BOSTON,Phase 3,R/R MM,Vd+/-selinexor,"ORR 76 vs 62%; PFS 14 vs 9.5 mos, HR 0.7; OS immature; less neuropathy and more cytopenias/infection/GI",,,,,,,Myeloma!71,
Myeloma,,Relapsed/refractory,,,BELLINI,Phase 3,RRMM after 1-3 prior lines; n=291,Venetoclax or placebo + bortezomib-dexamethasone,"PFS 22.4 vs 11.5 mo, HR 0.63 (0.44-0.90), p=0.010; but increased mortality with venetoclax, driven by infection (8 fatal treatment-emergent infections vs 0)",Benefit concentrated in t(11;14) and BCL2-high disease; toxicity signal drove restriction to biomarker-selected pts,"PFS 22.4 vs 11.5 mo, HR 0.63 (95% CI 0.44-0.90), p=0.010",33129376,,,,Myeloma!72,
Myeloma,,Relapsed/refractory,,,CANOVA,Phase 3,"t(11;14)-positive RRMM, >=2 prior lines; n=263",Venetoclax-dexamethasone vs pomalidomide-dexamethasone,"Primary endpoint not met: PFS 9.9 vs 5.8 mo, HR 0.823 (0.596-1.136), p=0.24; ORR 62 vs 35%, MRD negativity 8 vs 0%; median OS 32.4 vs 26.9 mo (HR 0.856)",Response rates favoured venetoclax but did not translate into a significant PFS gain; 12% treatment-emergent deaths vs 6%,"PFS 9.9 vs 5.8 mo, HR 0.823 (95% CI 0.596-1.136), p=.24 - not met",41370738,,,,Myeloma!73,
Myeloma,,Relapsed/refractory,,,DREAMM-2,Phase 2,Refractory MM; open label phase 2,Belantamab mafodotin,"~33% ORR; corneal toxicity most common side effect, in some cases with severe visual impairment",,,,,,,Myeloma!74,
Myeloma,,Relapsed/refractory,,,DREAM-7,,RRMM ≥1 prior therapy,Bela-Vd vs DVd,"PFS 37 vs 13 mos, HR 0.41; OS HR 0.57; ORR 83 vs 71%; DOR 36 vs18 mos; TRAEs with discontinuation 26 vs 1%; more fatal AEs",,,,,,,Myeloma!75,
Myeloma,,Relapsed/refractory,,,KarMMa,Phase 2,R/R MM,Idecabtagene-vicleucel,"ORR 73%, ≥CR in 33%; PFS 9 mos; DOR 10.7 mos; DOR in CR pts 19 mos; 78% alive at 12 mos; OS 19 mos",,,,,,,Myeloma!76,
Myeloma,,Relapsed/refractory,,,KarMMa3,Phase 3,2-4 regimens; refractory to last treatment,IDE-cel vs standard Rx,"PFS 13 vs 4 mos, HR 0.49; ORR 71 vs 42%; CR 39 vs 5%; OS immature",,,,,,,Myeloma!77,
Myeloma,,Relapsed/refractory,,,CARTITUDE-1,,"R/R MM, >=3 prior lines;",Ciltacabtagene autoleucel,ORR 98% CR 83%; DOR 21.8 mos; PFS at 27 mos 55%,,,,,,,Myeloma!78,
Myeloma,,Relapsed/refractory,,,CARTITUDE-4,Phase 3,Len refractory MM,Ciltacabtagene autoleucel vs physicians choice,PFS NR vs 12 mos (HR 0.26); 12 mo PFS 76 vs 49%; OS NS,,,,,,,Myeloma!79,
Myeloma,,Relapsed/refractory,,,MajesTEC-1,Phase 1,Phase 1-2; ≥3 prior lines; triple class exposed,Teclistamab,"ORR 63%; ≥CR 39%; mDOR 18 mos; 

CRS 72%, gr 3 0.6%; ICANS 3%;",,,,,,,Myeloma!80,
Myeloma,,Relapsed/refractory,,,Mailankody et al,Phase 1,heavily pretreated,MCARH109 (GPRC5D targeted CAR-T),ORR - 71%;,,,,,,,Myeloma!81,
Myeloma,,Relapsed/refractory,,,MonumenTAL-1,Phase 1,heavily pretreated,Talquetamab,ORR 70% and 63% in highest dose ranges; mDOR 10 and 8 mos,,,,,,,Myeloma!82,
Myeloma,,Relapsed/refractory,,,CC-92480-MM-001,Phase 1/2,R/R MM,Mezigdomide+dex,"ORR 41%, DOR 7.6 mos",,,,,,,Myeloma!83,
Myeloma,Amyloidosis,,,,Kastritis,Phase 3,stage IIIB ineligible,Bort-Mel-Dex vs Mel-Dev,3 month Heme ORR 79 vs 52%; OS HR 0.5; grade 3/4 AEs 20 vs 10%,,,,,,,Myeloma!88,
Myeloma,Amyloidosis,,,,ANDROMEDA,Phase 3,newly diagnosed AL amyloidosis,CyBorD +/- Dara,In run in: ORR 96%; CHR in 54%,,,,,,,Myeloma!89,
Myeloma,Amyloidosis,,,,Tourmaline AL1,Phase 3,R/R AL post 1-2 lines,"Ixa-dex vs physician choice (dex, mel, thal, len, cyclo)","Heme ORR NS (53%); secondary endpoints seemed better (TTF, time to organ deterioration)",,,,,,,Myeloma!90,
Myeloid,AML,,,,AML14,,Older AML or high-risk MDS unfit for intensive chemotherapy; n=217,LDAC vs hydroxyurea (+/- ATRA),"CR 18 vs 1%; better OS (OR 0.60), driven by CR - OS 19 vs 2 mo with vs without CR; 2-y OS 9% overall",All of advantage seen in standard or favourable risk cytogenetics; median response time 3 cycles,"CR 18 vs 1%, OR 0.15 (95% CI 0.06-0.37), p=0.00006",17315155,,,,Myeloid!5,
Myeloid,AML,,,,Dombret,,AML ≥65 years old,Aza vs conventional care (Intensive/LoDAC/BSC),"OS 10 vs 7 mos, HR 0.85; OS better than BSC, similar to intensive induction and LoDAC",,,,,,,Myeloid!6,
Myeloid,AML,,,,AZA 001,,AML/high risk MDS,Aza vs CCR,"OS 25 vs 16 mos, HR 0.47; 2 year OS 50 vs 16%; heme response 29 vs 12%",CR/CRi for MAL is 31% with DOR 13 mos in general,,,,,,Myeloid!7,
Myeloid,AML,,,,VIALE-A,,AML ineligible for stanrd induction,Aza +/- venetoclax,"OS 15 vs 10 mos, HR 0.66; CR 37 vs 18%; feb neut 42% vs 19%",,,,,,,Myeloid!8,
Myeloid,AML,,,,Paradigm,,AML eligible for standard induction,AZA-Ven vs IC,ORR 88 vs 62%; CCR 81 vs 55%; 1 year EFS 53 vs 39%; Overall EFS HR 0.61; Better QOL with Ava-Ven,,,,,,,Myeloid!9,
Myeloid,AML,,,,Roboz et al,,IDH1 mutated,Ivosidenib,"CR+CRh in 42%, DOR NR and CR/CRh durable >1 year in 62% and 78% and transfusion independence in half; 9% ≥grade 3 differentiation syndrome",,,,,,,Myeloid!10,
Myeloid,AML,,,,AGILE,,"IDH1 mutated AML, newly diagnosed, intensive chemo ineligible",AZA +/- ivosidenib,"12 month EFS 37 vs 12%, HR 0.33; OS 24 vs 8 mos, HR 0.44;",,,,,,,Myeloid!11,
Myeloid,AML,,,,Study 2102-Hem-101,,"IDH1 mutated AML, relapsed/refractory",Olutasidenib,CR/CRH 35%; DOR was 26 mos,,,,,,,Myeloid!12,
Myeloid,AML,,,,Stein et al,,IDH2 mutated AML,Enasidenib,"ORR 40%, DOR 5.8 mos; OS 9 mos but in CR patients 20 mos;; differentiation syndrome in 7%",,,,,,,Myeloid!13,
Myeloid,AML,,,,VIALE-C,,"AML, untreated, not eligible for induction",LoDAC +/- venetoclax,"OS 8 vs 4 mos, HR 0.7; CR/CRi 48 vs 13%; feb neut 32 vs 29%",,,,,,,Myeloid!14,
Myeloid,AML,,,,BRIGHT AML 1003,,AML ≥74 or comorbidities,LoDAC +/- glasdegib,OS 9 vs 5 mos; CR 17 vs 2%; more effective in favorable/intermediate risk cytogenetics,,,,,,,Myeloid!15,
Myeloid,AML,,,,ADMIRAL,Phase 3,R/R AML,Gilteritinib or salvage chemo,"OS 9.3 vs 5.6 mos, HR 0.64; EFS 2.8 vs 0.7 mos, HR 0.79; feb neu 45.9%",Test,,,,,,Myeloid!16,
Myeloid,AML,,,,AUGMENT 101,,R/R KMT2Ar acute leukaemia,Revumenib,"23% achieved CR+CRh, DOR 6.4 months; CRC was 44%, ORR 63%",,,,,,,Myeloid!17,
Myeloid,MDS,,,,AZA 001,,AML/high risk MDS,Aza vs CCR,"OS 25 vs 16 mos, HR 0.47; 2 year OS 50 vs 16%; heme response 29 vs 12%",CR/CRi for MAL is 31% with DOR 13 mos in general,,,,,,Myeloid!20,
Myeloid,MDS,,,,EORTC/German,,Higher risk MDS,Decitabine vs BSC,PFS 6.6 vs 3 mos; OS NS,,,,,,,Myeloid!21,
Myeloid,MDS,,,,MEDALIST,,Lower risk MDS with ring sideroblasts; refractory or unlikely to respond to ESAs,Luspatercept vs placebo,TI ≥8weeks 38 vs 13%; TI≥12 weeks 28 vs 8%,,,,,,,Myeloid!22,
Myeloid,MDS,,,,COMMANDS,,"Transfusion dependent MDS, very low-Int risk",luspatercept vs EPO,RBC-TI: 59 vs 31%;,Included RS+ and - but more RS + patients and RS- did better with ESA,,,,,,Myeloid!23,
Myeloid,MDS,,,,MDS 004,,Low/int 1 risk with del5q,Len vs placebo,"TI ≥26 weeks 57, 37 and 2%; cytogenetic response (CR+PR) 57, 23, 0%: OS similar",,,,,,,Myeloid!24,
Myeloid,MDS,,,,MDS 002,,Low/INt-1 risk without del5q,Len vs placebo,TI ≥8 weeks 27 vs 3%; DOR 31 weeks; time to response 10 weeks,,,,,,,Myeloid!25,
Myeloid,MDS,,,,Apr 46,Phase 3,1st line MDS with TP53,Aza+/-eprenatapopt,Negative trial announced,,,,,,,Myeloid!26,
Myeloid,MDS,,,,PANTHER,Phase 2,"Phase 2 randomized high risk MDS, CMMoL or low blast count AML",AZA +\- pevonedistat,"EFS 21 vs 16.6 months, HR 0.67; OS NS (23 vs 19 months); benefit higher in high and very high risk IPSS-R",First NEDD-8 inhibitor; phase 3 reported as negative,,,,,,Myeloid!27,
Myeloid,MDS,,,,DACOTA,,Proliferative CMMoL with advanced disease,Decitabine vs hydroxyurea,EFS NS (12.6 vs 10.3 months); OS NS (18 vs 24 months),Hydroxyurea remains a viable option in advanced proliferate research CMMoL,,,,,,Myeloid!28,
Myeloid,MDS,,,,ASCERTAIN,,Candidates for IV decitabine; primary endpoint 5 day decitabine AUC equivalence,cedazuridine/decitabine and decitabine,Similar,,,,,,,Myeloid!29,
Myeloid,MDS,,,,VERONA,Phase 3,primary endpoints CR and OS,AZA+/-venetoclax,OS NS (22 mos); ORR 76 vs 58%);,,,,,,,Myeloid!30,
Myeloid,MDS,,,,Garcia-manero,,Low risk MDS; primary endpoint RBC TI,CC486 vs placebo,RBC TI in 30 vs 11%; OS NS (underpowered); more early deaths with CC486,,,,,,,Myeloid!31,
Myeloid,MDS,,,,DiNardo,Phase 2,IDH mutated MDS; alone or in combination with vidaza,Enasidenib,"Combination - ORR 74%, 70% composite CR
Post HMA - ORR 35% and CR 22%",,,,,,,Myeloid!33,
Myeloid,MDS,,,,IMerge,,"LR MDS, ESA rel/ref/ineligible",Imetelstat vs placebo,8 week RBC-TI rate 40% vs 15%,,,,,,,Myeloid!34,
Neuroendocrine,GI NET,,,,PROMID,,Small bowel GI NETs,Sandostatin LAR vs placebo,PFS 14.3 vs 6 mos; OS NS,,,,,,,Neuroendocrine!4,
Neuroendocrine,GI NET,,,,CLARINET,,Well or mod differentiated nonfunctioning GI and panc NETs,lanreotide vs placebo,"2 year PFS NR vs 18 mos, HR 0.47; 2 year PFS 65 vs 33%; OS NS.",Diarrhea most common side effect 26 vs 9%,,,,,,Neuroendocrine!5,
Neuroendocrine,GI NET,,,,RADIANT2,,"Advanced GINET progressing within 12 mos, carcinoid syndrome present",Octreotide LAR+/- everolimus,"PFS 16 vs 11 mos, HR 0.77; OS NS but crossover present",,,,,,,Neuroendocrine!6,
Neuroendocrine,GI NET,,,,RADIANT4,,Advanced nonfunctional lung or GINETS,everolimus vs placebo,"PFS 11 vs 3.9 mos, HR 0.48; ORR 2 vs 1%; DCR 81 vs 64%; OS NS (HR 0.73)",,,,,,,Neuroendocrine!7,
Neuroendocrine,GI NET,,,,Alliance A021202,Phase 2,Phase 2 progressive advanced nonpancreatic NET,pazopanib vs placebo,"PFS 11.6 vs 8.5 mos, HR 0.53, OS NS",,,,,,,Neuroendocrine!8,
Neuroendocrine,GI NET,,,,A021602,Phase 3,Phase 3 advanced NETs,cabozantinib vs placebo,Ongoing,,,,,,,Neuroendocrine!9,
Neuroendocrine,GI NET,,,,NETTER-1,Phase 3,progressed on octreotide LAR,Lu177 dotatate vs octreotide LAR,"PFS at 20 mos 65 vs 11%, median PFS NR vs 8.4 mos; OS NS (48 vs 36 mos); ORR 18 vs 3%l",,,,,,,Neuroendocrine!10,
Neuroendocrine,GI NET,,,,COMPETE,Phase 3,GI or panc NET,Lu177-Dotatate vs everolimus,"PFS 24 vs 14 mos, HR 0.67;",,,,,,,Neuroendocrine!11,
Neuroendocrine,GI NET,,,,KEYNOTE-158,Phase 2,well and mod differentiated NET; ≥` line of therapy prev,Pembrolizumab,"ORR 4%, PFS 4.1 mos",,,,,,,Neuroendocrine!12,
Neuroendocrine,GI NET,,,,PRODIGE41-BEVANEC,,"Neuroendocrine carcinoma, gastroenteropancretic, 2nd line after platinum etoposide",FOLFIRI+/-bevacizumab,6 mo OS 53 vs 60% favouring FOLFIRI,FOLFIRI without bev is standard 2nd line treatment,,,,,,Neuroendocrine!13,
Neuroendocrine,Pancreatic NET,,,,CLARINET,,Well or mod differentiated nonfunctioning GI and panc NETs,lanreotide vs placebo,"2 year PFS NR vs 18 mos, HR 0.47; 2 year PFS 65 vs 33%; OS NS.",Diarrhea most common side effect 26 vs 9%,,,,,,Neuroendocrine!18,
Neuroendocrine,Pancreatic NET,,,,ECOG ACRIN 2211,Phase 2,Met NET; progression within 12 mos,CAPTEM vs TEM,"PFS 22.7 vs 14.4 mos, HR 0.58; OS NS (59 vs 54 mos); ORR 33 vs 28%",,,,,,,Neuroendocrine!19,
Neuroendocrine,Pancreatic NET,,,,Raymond et al,Phase 3,progressing pancreatic NET,Sunitinib vs placebo,PFS 11.4 vs 5.5 mos; 8 responses vs 0; OS NS (38.6 vs 29.1 mos),,,,,,,Neuroendocrine!20,
Neuroendocrine,Pancreatic NET,,,,CABINET,,Advanced panc and GI NETs after prev everolimus,Cabozantinib vs placebo,Enrolling,,,,,,,Neuroendocrine!21,
Neuroendocrine,Pancreatic NET,,,,RADIANT—3,,Advancing progressing pancreatic NET,Everolimus vs placebo,"PFS 11 vs 4.6 mos, HR 0.35; ORR 5 vs 2%; OS NS (44 vs 37.7 mos)",,,,,,,Neuroendocrine!22,
Neuroendocrine,Pancreatic NET,,,,SEQTOR,Phase 3,advanced and progressive pancreatic NETs,FU/streptozocin-everolimus vs opposite sequence,"12-mo PFS 71.4% (everolimus first) vs 61.8% (STZ/5-FU first), OR 0.65 (0.32-1.32); median PFS 19.4 vs 22.7 mo; ORR favoured STZ/5-FU in 1st line (30.3 vs 11.6%, p=0.012); no OS difference","Neither sequence superior on PFS; STZ/5-FU gives higher response rates, everolimus more discontinuations","12-mo PFS 71.4 vs 61.8%, OR 0.65 (95% CI 0.32-1.32)",41337860,,,,Neuroendocrine!23,
Neuroendocrine,Pancreatic NET,,,,OCLURANDOM,Phase 2,"Pretreated, progressive, SSTR-positive metastatic pancreatic NET; n=84",Lu177 dotatate vs sunitinib,12-mo PFS 80.5% (67.5-89.9) with 177Lu-dotatate vs 41.9% (29.1-55.5) with sunitinib; grade 3-4 AEs 44 vs 72%; QoL favoured 177Lu-dotatate; late grade >=2 AEs in 60% and one treatment-related acute leukaemia,"Randomised but non-comparative design - sunitinib arm served as internal control, so no formal between-arm test",12-mo PFS 80.5% vs 41.9% (sunitinib as internal control),42225102,,,,Neuroendocrine!24,
Neuroendocrine,Pancreatic NET,,,,COMPETE,Phase 3,"Inoperable/metastatic grade 1-2 GEP-NET, treatment-naive or 1 prior line; n=309",177Lu-edotreotide vs everolimus,"PFS 23.9 vs 14.1 mo, HR 0.67 (0.48-0.95), p=0.022; interim OS 63.4 vs 58.7 mo (HR 0.78, NS); grade 3-4 treatment-related AEs 18 vs 40%",Disease control 83 vs 82% but median duration 27.3 vs 17.2 mo; OS immature and confounded by crossover - 52% of the everolimus arm went on to PRRT,"PFS 23.9 vs 14.1 mo, HR 0.67 (95% CI 0.48-0.95), p=0.022",42392118,,,,Neuroendocrine!25,
Ovarian Cancer,,,1st line,,GOG 172,,"Stage III, <1cm residual",IV cis—taxol vs IV/IP cis/IP taxol,PFS 24 vs 18 mos favouring IP; OS 66 vs 50 mos; QOL worse in IP during treatment,,,,,,,Ovarian Cancer!4,
Ovarian Cancer,,,1st line,,GOG 252,,"II-III, optimally reduced",IP carb0—IV taxol vs IV taxol and IPcis/IP taxol vs IV ddCATX (all with bev),IV similar PFS to IP (25 mos)OS similar (~76 mos); worse toxicity with IP;,Possible explanations for discrepancy with GOG 172 - bev; higher dose IV cis; 28% crossover from IP to ddIV arm; possibly still a role for IP if not using bev,,,,,,Ovarian Cancer!5,
Ovarian Cancer,,,1st line,,ICON8,Phase 3,Newly diagnosed stage IC-IV epithelial ovarian cancer; n=1566,3-weekly carbo-paclitaxel vs weekly paclitaxel + 3-weekly carbo vs weekly carbo-paclitaxel,"Primary endpoint not met: median PFS 17.7 vs 20.8 vs 21.0 mo, NS; more toxicity with dose dense; worse QOL",,PFS restricted mean 24.4 vs 24.9 vs 25.3 mo; p=0.35 and p=0.51 vs control,31791688,,,,Ovarian Cancer!6,
Ovarian Cancer,,,1st line,,GOG 262,,Stage II-IV; optimally or suboptimal cytoreduction,q3 week C-T vs dd C-T; optional bev vut given to 84% of patients,PFS NS (15 mos); dose dense better if bev not given,,,,,,,Ovarian Cancer!7,
Ovarian Cancer,,,1st line,,MITO-7,,Stage IC-IV,Q3 week C-T vs ddCT,"Similar PFS (18 mos), 24 mo OS (77%)",,,,,,,Ovarian Cancer!8,
Ovarian Cancer,,,1st line,,GOG 218,Phase 3,Newly diagnosed stage III (incompletely resected) or IV epithelial ovarian cancer after debulking; n=1873,Chemo+bev-bev vs chemo+bev vs chemo,"PFS 14.1 (bev throughout) vs 11.2 (bev initiation only, NS) vs 10.3 mo; OS NS; PFS/OS benefit with ascites and stage IV",,"PFS 14.1 vs 10.3 mo, HR 0.717 (95% CI 0.625-0.824), p<0.001 (bev throughout vs control)",22204724,,,,Ovarian Cancer!9,
Ovarian Cancer,,,1st line,,ICON7,,Early+adv EOC,Chemo+/- bev (concurrent and maintenance),"PFS 24 vs 22mos; OS NS; PFS 16 vs 10.5 mos and OS 39 vs 34.5 mos in >1 cm residual disease, inoperable III, stage IV (post-hoc)",,,,,,,Ovarian Cancer!10,
Ovarian Cancer,,,1st line,,AGO-OVAR 17 BOOST/GINECO OV118/ENGOT Ov-15,,"Newly diagnosed, post CRS and 6 cycles chemo-bev",15 vs 30 month maintenance,PFS (39 mos) and OS NS,Bev treatment duration 15 mos remains standard of care,,,,,,Ovarian Cancer!11,
Ovarian Cancer,,,1st line,,JAVELIN Ovarian 100,,1st line EOC,Chemo-avelumab vs chemo->avelumab maintenance vs chemo alone,PFS NS between arms (16-18 months),,,,,,,Ovarian Cancer!12,
Ovarian Cancer,,,Maintenance,,SOLO1,,1st line maintenance; BRCAmut,Olaparib maintenance,"3 year RFS 60 vs 27%, HR 0.3; 7 year OS NR vs 75 mos (HR 0.55 but NS due to x-over)",,,,,,,Ovarian Cancer!15,
Ovarian Cancer,,,Maintenance,,PRIMA,,"1st line, response to platinum",Niraparib vs placebo,"PFS 13.8 vs 8.2 mos, HR 0.62; BRCA/HRD - PFS 8.1 vs 5.4 mos; BRCA+ PFS 22 vs 11 mos, HR 0.4",,,,,,,Ovarian Cancer!16,
Ovarian Cancer,,,Maintenance,,PAOLA,,"III/IV, response to platinum+bev",Olaparib+bev vs bev,"PFS 22 vs 16.6 mos, HR 0.59; OS NS (~53 mos); HRD + OS HR 0.62, 5 year OS 66 vs 48%; no benefit HRD negative",,,,,,,Ovarian Cancer!17,
Ovarian Cancer,,,Maintenance,,VELIA,,III/IV,chemo-Veliparib+/- veliparib maintenance vs chemo,Only veliparib with chemo and maintenance had PFS benefit; no PARP PFS benefit without maint;,,,,,,,Ovarian Cancer!18,
Ovarian Cancer,,,"Relapsed, platinum-sensitive (PFI ≥6 mo)",,GCIG,,Plat sens recurrent ovarian,Carbo vs carbo-Gem,PFS 8.6 vs 5.8 mos; OS NS,,,,,,,Ovarian Cancer!21,
Ovarian Cancer,,,"Relapsed, platinum-sensitive (PFI ≥6 mo)",,CALYPSO,,Plat sens recurrent EOC,Carbo-PLD vs Carbo-taxol,PFS 11.3 vs 9.4 mos; OS NS (~31 mos),,,,,,,Ovarian Cancer!22,
Ovarian Cancer,,,"Relapsed, platinum-sensitive (PFI ≥6 mo)",,OCEANS,,Plat sens recurrent EOC,carbo-gem +/- bev (concurrent and maintenance),"PFs 12 vs 8 mos, HR 0.48; OS NS",,,,,,,Ovarian Cancer!23,
Ovarian Cancer,,,"Relapsed, platinum-sensitive (PFI ≥6 mo)",,GOG 213,,Plat sens recurrent EOC,Carbo-taxol +/- bev (concurrent and maintenance),"PFS 14 vs 10 mos, HR 0.61; OS 43 vs 37 mos, HR 0.82",,,,,,,Ovarian Cancer!24,
Ovarian Cancer,,,"Relapsed, platinum-sensitive (PFI ≥6 mo)",,NOVA,,Plat sens recurrent EOC; 2nd line maint,Niraparib maint vs placebo,"Non-gBRCA PFS 9.3 vs 3.9 mos, HR 0.45; OS NS with longer follow up - trend to worsening in BRCAwt; BRCAmut PFS 21 vs 5.5 mos, HR 0.27",,,,,,,Ovarian Cancer!25,
Ovarian Cancer,,,"Relapsed, platinum-sensitive (PFI ≥6 mo)",,Study 19,,Plat sens recurrent EOC; 2nd line maint,Olaparib maint vs placebo,"PFS 8 vs 5 mos, HR 0.35; OS NS (HR 0.73 trend);",,,,,,,Ovarian Cancer!26,
Ovarian Cancer,,,"Relapsed, platinum-sensitive (PFI ≥6 mo)",,SOLO2,,Plat sens recurrent EOC; 2nd line maint; gBRCA,Olaparib vs placebo maint,"PFS 19 vs 5.5 mos, HR 0.3; OS 52 vs 39 mos, HR 0.74 (NS p 0.054);",,,,,,,Ovarian Cancer!27,
Ovarian Cancer,,,"Relapsed, platinum-sensitive (PFI ≥6 mo)",,ARIEL3,,Plat sens recurrent EOC; 2nd line maint,Rucaparib maint vs placebo,"PFS 10.8 vs 5.4 mos, HR 0.36; in HRD+ 13.6 vs 5.4 mos",,,,,,,Ovarian Cancer!28,
Ovarian Cancer,,,"Relapsed, platinum-sensitive (PFI ≥6 mo)",,SOLO3,,Plat sens recurrent EOC; 2nd line; gBRCA,Olaparib vs non-platinum chemo,ORR 72 vs 51%; PFS 13 vs 9 mos,(Bizarre control arm...),,,,,,Ovarian Cancer!29,
Ovarian Cancer,,,"Relapsed, platinum-sensitive (PFI ≥6 mo)",,SOC-1,,Platinum sensitive relapsed potentially resectable per iMODEL ≤4.7 and PET,Chemo+/- cytoreduction,"PFS 17.4 vs 11.9 mos, HR 0.58; OS immature",DESKTOP III showed OS benefit with surgery but OS better with no surgery in GOG-0213; there are differences in bev and PARP maintenance use between trials; SOC-3 will be using niraparib maintenance in both arms in future study,,,,,,Ovarian Cancer!30,
Ovarian Cancer,,,"Relapsed, platinum-sensitive (PFI ≥6 mo)",,DESKTOP-III,,"PFI≥6 months, positive AGO score (ECOG 0, ascites <500 ml, CR at initial surgery)",Platinum based chemo+/-cytoreduction,"OS 54 vs 46 mos (HR 0.75); CR 76% and these had the best outcome (,ed OS 62 mos)",,,,,,,Ovarian Cancer!31,
Ovarian Cancer,,,Platinum-resistant (PFI <6 mo),,Benefits - OS (note),,3rd line - 11 vs 3 mos,2nd line of plat res chemo - 14 vs 4 mos,4th line - 8 vs 3 mos,,,,,,,Ovarian Cancer!34,
Ovarian Cancer,,,Platinum-resistant (PFI <6 mo),,AURELIA,,Plat res recurrent EOC; didn’t progress during platinum,Chemo+/- bev,"PFS 6.7 vs 3.4 mos, HR 0.48; OS NS (16.6 vs 13.3 mos); ORR 31 vs 13%; 2.2% GI perf with bev",,,,,,,Ovarian Cancer!35,
Ovarian Cancer,,,Platinum-resistant (PFI <6 mo),,GINECO,,Plat resistant,Taxol vs Taxol-carbo vs Taxol-topotecan,ORR NS; PFS NS; more neutropenia/feb neut with combination,,,,,,,Ovarian Cancer!36,
Ovarian Cancer,,,Platinum-resistant (PFI <6 mo),,KEYNOTE-B96,Phase 3,Plat resistant,Taxol (+/-bev) +/- pembro,"PFS 8 vs 6 mos, HR 0.73; OS HR 0.76",,,,,,,Ovarian Cancer!37,
Ovarian Cancer,,,Platinum-resistant (PFI <6 mo),,SORAYA,Phase 3,"FRα+ve platinum resistant epithelial ovarian, fallopian tube or primary peritoneal, post 1-3 lines Rx; single arm phase 3",Mirvetuximab soravtansine-gynx (Elahere),ORR 32%; DOR 7 months; PFS 5.5 months,,,,,,,Ovarian Cancer!38,
Ovarian Cancer,,,Platinum-resistant (PFI <6 mo),,MIRASOL,Phase 3,FRα+ve platinum resistant epithelial ovarian; fallopian tube or primary peritoneal; post 1-3 lines Rx,MIRV vs investigators choice,"PFS 5.6 vs 4 mos; OS 16 vs 13 mos, HR 0.67",,,,,,,Ovarian Cancer!39,
Prostate Cancer,,Non-metastatic,,,STAMPEDE,,"High risk non-metastatic prostate cancer (N1 or at least 2 of T3-4, PSA>40, G 8-10)",ADT+/-abi or +/-abi+enza x 2 years,6 year OS 86 vs 77%; met free survival 82 vs 69%,,,,,,,Prostate Cancer!4,
Prostate Cancer,,Biochemical recurrence,,,EMBARK,,High risk biochemical recurrence (DT≤9 mos),ADT+/-enza or enza alone,"Met free survival at 5 years 87% vs 71% vs 80%; 8 year oS 79 vs 70%, HR 0.44;",,,,,,,Prostate Cancer!7,
Prostate Cancer,,CSPC,,,INT 0162,,"CSPC, metastatic, PSA ≥5; 7 mos treatment then randomized if PSA≤4; noninferiority study",IAD vs continuous ADT,"OS longer with continuous 5.8 vs 5.1 years, HR 1.1; not non0inferior; improved erectile function and mental health with IAD at 3 months but not later",Continuous ADT is standard in metastatic disease,,,,"Ensure vitamin D 800-1000 u, calcium 1000-1200 mg daily; weight bearing exercise, decrease EtOH and tobacco; can use FRAx with or without BMD to see who might benefit from bone modifying agents",,Prostate Cancer!10,
Prostate Cancer,,CSPC,,,JPR.7,,Rising PSA without mets after XRT,IAD vs continuous,IAD non-inferior,,,,,,,Prostate Cancer!11,
Prostate Cancer,,CSPC,,,HERO,,Advanced prostate ca,Relugolix vs leuprolide,More rapid suppression T; castrate maintenance weeks 29-48 97 vs 88%; higher T after relugolix d/c; 54% lower cardiovasc events with relugolix,,,,,,,Prostate Cancer!12,
Prostate Cancer,,CSPC,,,Meta-analysis PCTCG,Meta-analysis,"Advanced prostate cancer (88% metastatic); 27 RCTs, n=8275",CAB vs ADT,"5-y OS 25.4 vs 23.6%, NS; excluding cyproterone acetate trials 27.6 vs 24.7%, p=0.005; cyproterone trials slightly unfavourable",,"5-y OS 25.4 (CAB) vs 23.6% (ADT alone), 2p=0.11",10801170,,,,Prostate Cancer!13,
Prostate Cancer,,CSPC,,,LATITUDE,,"High risk (2/3 of Gleason≥8, ≥3 bone lesions, visceral disease)",ADT+/- abi/pred,"OS 53 vs 36.5 mos, HR 0.66;",,,,,,,Prostate Cancer!14,
Prostate Cancer,,CSPC,,,STAMPEDE,,heterogeneous population,ADT+/- abi/pred,"OS 83 vs 76%, HR 0.63; Similar HR between non-metastatic and metastatic; 3 year FFS 75 vs 45%, HR 0.29; in M1 benefit in both high and low risk and disease volume","ADT alone FFS 20 mos, OS 42 mos",,,,,,Prostate Cancer!15,
Prostate Cancer,,CSPC,,,CHAARTED,,High volume disease (visceral mets and/or 4 bone mets with at least one outside vert bodies and pelvis),ADT+/- Doce,"OS 58 vs 47 mos, HR 0.72; In high volume 51 vs 34 mos, HR 0.63; OS NS in low volume (~64 mos)",,,,,,,Prostate Cancer!16,
Prostate Cancer,,CSPC,,,STAMPEDE,,High risk without mets and also M1,ADT vs Docet vs Doce+zometa vs zometa,"OS doce vs ADT 81 vs 71 mos, HR 0.78; zometa addition was NS; FFS 37 vs 20 mos",,,,,,,Prostate Cancer!17,
Prostate Cancer,,CSPC,,,GETUG-AFU 15,,Met prostate ca,ADT+/- doce,OS NS (62 vs 49 mos); PFS improved with added doce,,,,,,,Prostate Cancer!18,
Prostate Cancer,,CSPC,,,PEACE-1,Phase 3,De novo metastatic CSPC; n=1173,SOC (ADT +/- docetaxel) +/- abiraterone +/- RT (2x2 factorial),"Abiraterone: rPFS HR 0.54, OS HR 0.82; with ADT + docetaxel: rPFS HR 0.50, OS HR 0.75 (25% reduced risk of death)",,rPFS HR 0.54 (99.9% CI 0.41-0.71); OS HR 0.82 (95.1% CI 0.69-0.98) - abiraterone vs no abiraterone,35405085,,,,Prostate Cancer!19,
Prostate Cancer,,CSPC,,,PEACE-3,,Met CRPC,Enza+/-Ra223,"rPFS 16 vs 19 mos, HR 0.69; OS 35 vs 42 mos, HR 0.69",,,,,,,Prostate Cancer!20,
Prostate Cancer,,CSPC,,,ARASENS,,metastatic CSPC,ADT/doce +/- darolutamide,"OS NR vs 48 mos, HR 0.68; 4 year OS 63 vs 50%",Not clear who needs docetaxel; clearly ARAT is important,,,,,,Prostate Cancer!21,
Prostate Cancer,,CSPC,,,ENZAMET,,metastatic CSPC,ADT-enza vs ADT-non-steroidal antiandrogen,3 year OS 80 vs 72%; 5 year OS 67 vs 57%; no benefit in subgroup who received docetaxel as well;,,,,,,,Prostate Cancer!22,
Prostate Cancer,,CSPC,,,TITAN,,metastatic CSPC,ADT+/-apalutamide,"2 year OS 82 vs 74%, HR 0.67; benefit in high and low volume;",Apalutamide is supposed to have fewer CNS side effects than enza,,,,,,Prostate Cancer!23,
Prostate Cancer,,CSPC,,,ARCHES,,metastatic CSPC,ADT+/-enza,Radiographic DFS HR 0.39; OS data not mature;,,,,,,,Prostate Cancer!24,
Prostate Cancer,,CSPC,,,STAMPEDE,,Metastatic prostate ca; High volume disease (visceral mets and/or 4 bone mets with at least one outside vert bodies and pelvis),systemic+/-prostate XRT,"OS NS but 3 year FFS 32 vs 23%, HR 0,76; OS better in low metastatic burden subgroup, HR 0.68",,,,,,,Prostate Cancer!25,
Prostate Cancer,,CSPC,,,PSMAddition,Phase 3,met CSPC; 1st line,ADT+ARPI +/- Lu-PSMA-617,"rPFS NR vs NR, HR 0.72;",,,,,,,Prostate Cancer!26,
Prostate Cancer,,CSPC,,,CAPItello-281,Phase 3,first line HSPC; PTEN deficient,Abi/pred +/- capivasertib,"rPFS 33 vs 26 mos, HR 0.81; OS immature",,,,,,,Prostate Cancer!27,
Prostate Cancer,,CRPC,,,TAX 327,,met CRPC,Doce-pred vs mitox-pred,OS 19 vs 16 mos; 3 year OS 18 vs 13.5%;,,,,,,,Prostate Cancer!30,
Prostate Cancer,,CRPC,,,FIRSTANA,,Met CRPC,Cabazi vs Doce,OS/PFS NS;,,,,,,,Prostate Cancer!31,
Prostate Cancer,,CRPC,,,TROPIC,,Met CRPC post doce,Cabazitaxel vs mitox,"OS 15 vs 12.7 mos, HR 0.7",Preferred dose cabazi is 20 mg/m2 because of decreased toxicity and similar OS,,,,,,Prostate Cancer!32,
Prostate Cancer,,CRPC,,,CARD,,"Post doce, post abi/enza",Cabazi vs (enza or abi),OS 13.6 vs 11 mos (HR 0.64);,,,,,,,Prostate Cancer!33,
Prostate Cancer,,CRPC,,,ALSYMPCA,,Doce exposed or ineligible CRPC,Ra223 vs placebo,"OS 14 vs 11.2 mos, HR 0.7;",,,,,,,Prostate Cancer!34,
Prostate Cancer,,CRPC,,,COU-AA-301,,Prev doce,Abi-pred vs pred,"OS 15.8 vs 11.2 mos, HR 0.74",,,,,,,Prostate Cancer!35,
Prostate Cancer,,CRPC,,,COU-AA-302,,Chemo naive,Ab-pred vs pred,"OS 34.7 vs 30 mos, HR 0.81;",,,,,,,Prostate Cancer!36,
Prostate Cancer,,CRPC,,,PLATO,,"Post enza, phase IV",Abi,PFS 5.6 mos,,,,,,,Prostate Cancer!37,
Prostate Cancer,,CRPC,,,SWITCH,,CRPC with PD on abi,Switch to dex from pred,"PSA 30 in 46%, PSA50 in 35%; med time to biochemical and radiographic progression 5 and 11.8 mos",,,,,,,Prostate Cancer!38,
Prostate Cancer,,CRPC,,,AFFIRM,,Post doce,Enza vs placebo,"OS 18.4 vs 13.6 mos, HR 0.63",,,,,,,Prostate Cancer!39,
Prostate Cancer,,CRPC,,,PREVAIL,,"HSPC, metastatic, no prior doce",Enza vs placebo,"OS 35 vs 31 mos, HR 0.77; rPFS 20 vs 5.4 mos, HR 0.32",In latest follow up more fatal TRAEs (6.9 vs 3.8%) including CV events 1.6 vs 0.4%),,,,,,Prostate Cancer!40,
Prostate Cancer,,CRPC,,,Khalaf/Chi,Phase 2,randomized; CRPC; 1st line,Enza or Abi first then switch,Similar PFS (10 vs 11 mos) but better 2nd line responses with abi->enza 36 vs 4%; longer 2nd PFS 3.5 vs 1.7 mos,,,,,,,Prostate Cancer!41,
Prostate Cancer,,CRPC,,,ALLIANCE A031201,Phase 3,Untreated mCRPC; n=1311,Enza+abi vs enza,"Primary endpoint not met: OS 32.7 vs 34.2 mo, HR 0.89; rPFS 21.3 vs 24.3 mo, HR 0.86; enzalutamide increases abiraterone clearance",,"OS 32.7 vs 34.2 mo, HR 0.89, one-sided p=0.03 (boundary 0.02)",36996380,,,,Prostate Cancer!42,
Prostate Cancer,,CRPC,,,PRESIDE,Phase 3,Patients progressing on enzalutamide,Docetaxel +/- Enza,"PFS 10 vs 8 mos, HR 0.72;",,,,,,,Prostate Cancer!43,
Prostate Cancer,,CRPC,,,ACIS,Phase 3,1st line mCRC,Abi +/- apalutamide,"rPFS 23 vs 17 mos, HR 0.69; OS NS",,,,,,,Prostate Cancer!44,
Prostate Cancer,,CRPC,,,PROfound,,Post AR therapy+/- prev doce;,Olaparib vs (abi or enza),"rPFS 7.4 vs 3.6 mos, HR 0.34; OS 19 vs 15 mos, HR 0.69",Greater benefit in BRCA1/2/ATM genes than with others,,,,,,Prostate Cancer!45,
Prostate Cancer,,CRPC,,,TRITON3,,CRPC post ARPI and HRR mutations (BRCA1/2 or ATM),Rucaparib vs physician choice (abi/enza or doce),"rPFS (BRCA) 11 vs 6 mos, HR 0.5; rPFS (ITT) 10 vs 6 mos, HR 0.6;",ATM subgroup was NS for rPFS,,,,,,Prostate Cancer!46,
Prostate Cancer,,CRPC,,,MAGNITUDE,Phase 3,Phase 3 first line mCRPC; stratified for HRRm,Abiraterone +/- niraparib,RPFS NS for HRR negative; in the HRRm positive cohort there was improved rPFS WITH HR 0.73; better for BRCA 1/2; OS immature,,,,,,,Prostate Cancer!47,
Prostate Cancer,,CRPC,,,PROpel,Phase 3,Phase 3 first line mCRPC; HRRm unselected,Abiraterone +/- olaparib,"Improved rPFS, OS NS (trend HR 0.81)f",Benefit irrespective of HRRm status,,,,,,Prostate Cancer!48,
Prostate Cancer,,CRPC,,,TALAPRO-2,Phase 3,Phase 3 first line mCRPC; with HRRm,Enzalutamide +/- talazoparib,"rPFS NR VS 14 mos, HR 0.45;",More benefit in BRCAm population,,,,,,Prostate Cancer!49,
Prostate Cancer,,CRPC,,,IPATENTIAL150,Phase 3,"Met CRPC, 1st line; asymptomatic or mildly symptomatic phase 3",Abiraterone/prednisone+/-ipatasertib,"RPFS in PTEN- patients 18.5 vs 16.5 mos, HR 0.77; OS immature; diarrhea and skin rash",,,,,,,Prostate Cancer!50,
Prostate Cancer,,CRPC,,,VISION,Phase 3,PSMA+ mCRPC; prev ARAT and taxane,SOC +/- Lu-PSMA-617; SOC could include Ra223 or chemo,"RPFS 8.7 vs 3.4 mos, HR 0.4; OS 15 vs 11 mos, HR 0..62;",,,,,,,Prostate Cancer!51,
Prostate Cancer,,CRPC,,,TheraP,Phase 2,PSMA-positive mCRPC for whom cabazitaxel was next standard; n=200,Lu-PSMA vs cabazitaxel,"PSA reduction ≥50% in 66 vs 37%; better PFS, QOL; grade 3-4 AEs 33 vs 53%; OS NS (RMST 19.1 vs 19.6 mo); better results with higher PSMA SUV",OS update: PMID 38043558,"PSA50 66 vs 37%, difference 29% (95% CI 16-42), p<0.0001",33581798,,,,Prostate Cancer!52,
Prostate Cancer,,CRPC,,,PSMAfore,Phase 3,"Phase 3 mCRPC, prev 2nd gen ARAT; taxane naive",Lu-177 vs change in ARAT,"rPFS 12 vs 5.6 mos, HR 0.43; OS NS (crossover present)",,,,,,,Prostate Cancer!53,
Prostate Cancer,,M0 CRPC,,,PROSPER,,"HSPC, M0. PSADT<10 mos",Enza vs placebo,"Met free survival 36.6 vs 14.7 mos, HR 0.29; OS 67 vs 56 mos, HR 0.73",,,,,,,Prostate Cancer!56,
Prostate Cancer,,M0 CRPC,,,SPARTAN,,"HSPC, M0. PSADT<10 mos",Apalutamide vs placebo,"Met free survival 40.5 vs 16.2 mos, HR 0.28; OS 74 vs 60 mos, HR 0.78",,,,,,,Prostate Cancer!57,
Prostate Cancer,,M0 CRPC,,,ARAMIS,,"HSPC, M0. PSADT<10 mos",Darolutamide vs placebo,"Met free survival 40 vs 18 mos, HR 0.41; PFS 37 vs 15 mos, HR 0.38); OS HR 0.71",,,,,,,Prostate Cancer!58,
Sarcoma,GIST,,,,ACOSOG Z9001,,Resected GI GIST ≥3cm,Imatinib 1 year vs placebo,"1 year RFS 98 vs 83%, HR 0.35; for high risk relapse rate 19% vs 47%; for mod risk 14 vs 5%; OS NS but there was crossover",Study stopped early; benefit continued for 1 year beyond adjuvant after which rate of recurrence similar to control,,,,,,Sarcoma!5,
Sarcoma,GIST,,,,EORTC 62024,,Int or high risk GIST (2002 NIH classification),Imatinib x 2 years vs observation,"5 year Imatinib failure free survival 87% vs 84%, HR 0.7; 3 year RFS 84 vs 66%; 5 year OS NS (100 vs 99%)",,,,,,,Sarcoma!6,
Sarcoma,GIST,,,,SSG XVIII,,High risk GIST (modified consensus criteria),Imatinib 36 mos vs Imatinib 12 mos,"5 year RFS 71 vs 53%, 10 year RFS 53 vs 42%; 5 year OS 92 vs 86%, 10 year OS 79 vs 65% (rate of death at 10 years reduced by 50% with 3 years rather than 1 year)",,,,,,,Sarcoma!7,
Sarcoma,GIST,,,,SSG XXII,,High risk GIST,Imatinib 5 years vs 3 years,Currently accruing (estimated completion date 2028),,,,,,,Sarcoma!8,
Sarcoma,GIST,,,,IMADGIST,Phase 3,High risk GIST,IM 6 vs 3 years,DFS favoured 6 years (HR 0.40); 3 year DFS (randomized after 3 years IM) 72% vs 42%,,,,,,,Sarcoma!9,
Sarcoma,GIST,,,,SWOG S0033,Phase 3,metastatic GIST,Imatinib (2 different doses),10 year OS 22%; of long term survivors 49% only had imatinib,,,,,,,Sarcoma!10,
Sarcoma,GIST,,,,Demetri,Phase 3,Imatinib resistant GIST,Sunitinib vs placebo,"TTP 27 vs 6.4 weeks, HR 0.33; (stopped early)",More benefit seen in exon 9 patients than exon 11;,,,,,,Sarcoma!11,
Sarcoma,GIST,,,,INTRIGUE,,"GIST, 2nd line after imatinib",Ripretinib vs Sunitinib,PFS NS (~8 mos); fewer G3-4 AEs ripretinib; OS NS,Subgroup analysis suggested ripretinib benefit in patients with mutations in KIT activating loop (exon 17/18) but sunitinib benefit in KIT ATP binding pocket mutations (exons 13/14),,,,,,Sarcoma!12,
Sarcoma,GIST,,,,GRID,Phase 3,Failure of IM and SUN,Regorafenib vs placebo,PFS 4.8 vs 0.9 mos; OS NS but crossover used;,,,,,,,Sarcoma!13,
Sarcoma,GIST,,,,INVICTUS,Phase 3,refractory/intolerant to IM; SUN; REG,Ripretinib vs placebo,PFS 6 vs 1 mo (HR 0.15); OS 16 vs 5 mos,Basis for FDA approval ripretinib in 4th line,,,,,,Sarcoma!14,
Sarcoma,GIST,,,,NAVIGATOR,Phase 1,GIST with PDGFRA exon 18 D842V mutation studied as special subgroup; no prior therapy required in D842V patients,Avapritinib 300 or 400 mg daily,"D842V patients: ORR 88%, 2 year OS 81%;",Basis for FDA approval for PDGFR exon 18 mutations in GIST,,,,,,Sarcoma!15,
Sarcoma,GIST,,,,VOYAGER,,3rd line metastatic GIST (not selected for mutation),Avapritinib vs regorafenib,Avapritinib did not improve PFS 4.2 vs 5.6 mos (NS),,,,,,,Sarcoma!16,
Sarcoma,Other,,,,DeFi,Phase 3,Desmoid tumours,nirogacestat vs placebo,"2 year PFS 76 vs 44%, HR 0.29; ORR 41 vs 8%; CR 7 vs 0%",,,,,,,Sarcoma!19,
Thrombosis,Cancer-associated thrombosis,,,,SELECT-D,,Cancer-associated VTE; pilot study,Xarelto vs dalteparin,"VTE recurrence 4 vs 11%; 6-mo major bleeding similar (6 vs 4%); increased clinically relevant non-major bleeds (13 vs 4%), especially in upper GI cancers",,,,,,,Thrombosis!4,
Thrombosis,Cancer-associated thrombosis,,,,Hokusai VTE,,Non-inferiority; 5 days LMWH in edoxaban arm; composite endpoint recurrent VTE and major bleed,Edoxaban vs dalteparin,"Primary outcome 12.8% vs 13.5%, p=0.006 for non-inferiority; recurrent VTE 7.9% vs 11.3%; major bleed in 6.9% vs 4",,,,,,,Thrombosis!5,
Thrombosis,Cancer-associated thrombosis,,,,CARAVAGGIO,,RCT; non-inferiority,Apixaban vs dalteparin,"Recurrent VTE in 5.7 vs 7.9%, HR 0.63; p<0.001 for noninferiority; major bleeding in 3.8% and 4.0% (NS)",,,,,,,Thrombosis!6,
Thrombosis,Pregnancy,,,,ALIFE2,,≥2 pregnancy losses and confirmed hereditary thrombophilia,LMWH prophylaxis vs pregnancy surveillance,Live birth rate NS (71%); similar AE rate between groups,Advised against use of LMWH in this population and against testing for inherited thrombophilia in recurrent pregnancy loss,,,,,,Thrombosis!13,
Tissue Agnostic,,,,TRK,Hong,Phase 1,"Phase 1 and phase 2 studies, non-CNS solid tumours",Larotrectinib,"ORR 79%, CR 16%, DOR 35 mos",,,,,,,Tissue Agnostic!6,
Tissue Agnostic,,,,TRK,Deobele,,"Patients in STARTRK-2, STARTRK-1, ALKA-372-001",Entrectinib,"ORR 57%, CR 7%, DOR 10 mos, PFS 11 mos,",,,,,,,Tissue Agnostic!7,
Tissue Agnostic,,,,dMMR,Keynote 158,,Non colorectal dMMR/MSI-high; previously treated,Pembrolizumab 200 mg q3 weeks,"ORR 34%, PFS 4 mos, OS 24 mos",,,,,,,Tissue Agnostic!10,
Tissue Agnostic,,,,dMMR,GARNET (cohort A1 + F),Phase 1,"Advanced/recurrent dMMR or MSI-H solid tumours after >=1 prior line; n=327 (141 endometrial, 105 colorectal, 81 other)",Dostarlimab,"ORR 44.0% (38.6-49.6) by BICR; median DOR not reached, 72% of responses lasting >=12 mo; median PFS 6.9 mo; 24-mo PFS 40.6%; median OS not reached",Basis for the tissue-agnostic dMMR accelerated approval,ORR 44.0% (95% CI 38.6-49.6),37917058,,,,Tissue Agnostic!11,
Tissue Agnostic,,,,RET,Libretto-001,Phase 1/2,"Phase 1/2 basket, RET altered cancers (non-lung and non-thyroid)",Selpercatinib,ORR 44%; serious AEs 40%,,,,,,,Tissue Agnostic!14,
Tissue Agnostic,,,,NRG-1,Schram,,"NRG-1 fusion positive advanced solid tumours, previously treated",Zenocutuzumab,"ORR 30% (23-37) across 12 tumour types; median DOR 11.1 mo; median PFS 6.8 mo; NSCLC 29%, pancreatic 42%; AEs mostly grade 1-2","eNRGy trial; n=204 treated, 158 response-evaluable",ORR 30% (95% CI 23-37),39908431,,,,Tissue Agnostic!17,
Tissue Agnostic,,,,BRAF,ROAR,Phase 2,BRAFV600E mutated rare cancers,dabrafenib-trametinib,"ORR by cohort: anaplastic thyroid 56%, biliary tract 53%, small bowel adenocarcinoma 67%, low-grade glioma 54%, high-grade glioma 33%, hairy cell leukaemia 89%, myeloma 50%, GIST 0%","Eight-cohort basket, n=215; pyrexia in 41%",ORR 56% in anaplastic thyroid (registrational cohort),37059834,,,,Tissue Agnostic!20,
Tissue Agnostic,,,,HER2,DESTINY-PanTumor02,,"HER2 expressing, ≥1 prior treatment",TDXd,"ORR 37%, DOR 11 mos;",,,,,,,Tissue Agnostic!23,
Supportive Care,,,,,Sandhya,,"Locally advanced or metastatic gastric, hepatopancreaticobiliary or lung cancer",Olanzapine 2.5 mg daily vs placebo,"Wt gain >5% in 60% vs 9%, improved appetite in 43% vs 13%; better QOL and nutritional status with olanzapine",Low-dose olanzapine in addition to dietary advice should be considered alongside chemotherapy for patients with newly diagnosed advanced lung and upper gastrointestinal cancers to improve appetite and weight gain.*,,,,,,Supportive Care!3,
